year,category,0
1958,Album Of The Year,1
1958,Best Album Cover,1
1958,Best Arrangement,1
1958,Best Classical Performance - Chamber Music (Including Chamber Orchestra),1
1958,Best Classical Performance - Instrumentalist (Other Than Concerto-Scale Accompaniment),1
1958,Best Classical Performance - Instrumentalist (With Concerto Scale Accompaniment),1
1958,Best Classical Performance - Operatic Or Choral,1
1958,Best Classical Performance - Orchestra,1
1958,Best Classical Performance - Vocal Soloist (With Or Without Orchestra),1
1958,Best Comedy Performance,1
1958,Best Country & Western Performance,1
1958,Best Engineered Record (Classical),1
1958,Best Engineered Record - Non-Classical,1
1958,"Best Jazz Performance, Group",1
1958,"Best Jazz Performance, Individual",1
1958,Best Musical Composition First Recorded And Released In 1958 (Over 5 Minutes Duration),1
1958,Best Original Cast Album (Broadway Or TV),1
1958,Best Performance By A Dance Band,1
1958,Best Performance By A Vocal Group Or Chorus,1
1958,Best Performance By An Orchestra,1
1958,"Best Performance, Documentary Or Spoken Word",1
1958,Best Recording For Children,1
1958,Best Rhythm & Blues Performance,1
1958,"Best Sound Track Album, Dramatic Picture Score Or Original Cast",1
1958,"Best Vocal Performance, Female",1
1958,"Best Vocal Performance, Male",1
1958,Record Of The Year,1
1958,Song Of The Year,1
1959,Album Of The Year,1
1959,Best Album Cover,1
1959,Best Arrangement,1
1959,Best Broadway Show Album,2
1959,Best Classical Performance - Chamber Music (Including Chamber Orchestra),1
1959,Best Classical Performance - Concerto Or Instrumental Soloist (Other Than Full Orchestral Accompaniment),1
1959,Best Classical Performance - Concerto Or Instrumental Soloist (With Full Orchestral Accompaniment),1
1959,Best Classical Performance - Opera Cast Or Choral,1
1959,Best Classical Performance - Orchestra,1
1959,Best Classical Performance - Vocal Soloist (With Or Without Orchestra),1
1959,Best Comedy Performance - Musical,1
1959,Best Comedy Performance - Spoken Word,1
1959,Best Country & Western Performance,1
1959,Best Engineering Contribution - Classical Recording,1
1959,Best Engineering Contribution - Novelty Recording,1
1959,Best Engineering Contribution - Other Than Classical Or Novelty,1
1959,Best Jazz Performance - Group,1
1959,Best Jazz Performance - Soloist,1
1959,Best Musical Composition First Recorded And Released In 1959 (More Than 5 Minutes Duration),1
1959,Best New Artist Of 1959,1
1959,Best Performance - Documentary Or Spoken Word (Other Than Comedy),1
1959,Best Performance - Folk,1
1959,"Best Performance By A ""Top 40"" Artist",1
1959,Best Performance By A Dance Band,1
1959,Best Performance By A Vocal Group Or Chorus,1
1959,Best Performance By An Orchestra,1
1959,Best Recording For Children,1
1959,Best Rhythm & Blues Performance,1
1959,Best Sound Track Album - Background Score From A Motion Picture Or Television,1
1959,"Best Sound Track Album, Original Cast - Motion Picture Or Television",1
1959,"Best Vocal Performance, Female",1
1959,"Best Vocal Performance, Male",1
1959,Record Of The Year,1
1959,Song Of The Year,1
1960,Album Of The Year,1
1960,Best Album Cover,1
1960,Best Album Created For Children,1
1960,Best Arrangement,1
1960,Best Classical Opera Production,1
1960,Best Classical Performance - Choral (Including Oratorio),1
1960,Best Classical Performance - Concerto Or Instrumental Soloist,1
1960,Best Classical Performance - Instrumental Soloist Or Duo (Other Than With Orchestral Accompaniment),1
1960,Best Classical Performance - Orchestra,1
1960,Best Classical Performance - Vocal Or Instrumental - Chamber Music,1
1960,Best Classical Performance - Vocal Soloist,1
1960,Best Comedy Performance (Musical),1
1960,Best Comedy Performance - Spoken Word,1
1960,Best Contemporary Classical Composition,1
1960,Best Country & Western Performance,1
1960,Best Engineering Contribution - Classical Recording,1
1960,Best Engineering Contribution - Novelty Recording,1
1960,Best Engineering Contribution - Popular Recording,1
1960,Best Jazz Composition Of More Than Five Minutes Duration,1
1960,Best Jazz Performance Large Group,1
1960,Best Jazz Performance Solo Or Small Group,1
1960,Best New Artist Of 1960,1
1960,Best Performance - Documentary Or Spoken Word (Other Than Comedy),1
1960,Best Performance - Folk,1
1960,Best Performance By A Band For Dancing,1
1960,Best Performance By A Chorus (7 Or More Persons),1
1960,Best Performance By A Pop Single Artist,1
1960,Best Performance By A Vocal Group (2 To 6),1
1960,Best Performance By An Orchestra,1
1960,Best Rhythm & Blues Performance,1
1960,Best Show Album (Original Cast),1
1960,Best Sound Track Album Or Recording Of Music Score From Motion Picture Or Television,1
1960,Best Sound Track Album Or Recording Of Original Cast From A Motion Picture Or Television,1
1960,"Best Vocal Performance Album, Female",1
1960,"Best Vocal Performance Album, Male",1
1960,"Best Vocal Performance Single Record Or Track, Female",1
1960,"Best Vocal Performance Single Record Or Track, Male",1
1960,Record Of The Year,1
1960,Song Of The Year,1
1961,Album Of The Year (Other Than Classical),1
1961,Album Of The Year - Classical,1
1961,Best Album Cover (Other Than Classical),1
1961,Best Album Cover - Classical,1
1961,Best Arrangement,1
1961,Best Classical Performance - Chamber Music,1
1961,Best Classical Performance - Choral (Other Than Opera),1
1961,Best Classical Performance - Instrumental Soloist (With Orchestra),1
1961,Best Classical Performance - Instrumental Soloist Or Duo (Without Orchestra),1
1961,Best Classical Performance - Orchestra,1
1961,Best Classical Performance - Vocal Soloist (With Or Without Orchestra),1
1961,Best Comedy Performance,1
1961,Best Contemporary Classical Composition,2
1961,Best Country & Western Recording,1
1961,Best Documentary Or Spoken Word Recording (Other Than Comedy),1
1961,Best Engineering Contribution - Classical Recording,1
1961,Best Engineering Contribution - Novelty,1
1961,Best Engineering Contribution - Popular Recording,1
1961,Best Folk Recording,1
1961,Best Gospel Or Other Religious Recording,1
1961,Best Instrumental Theme Or Instrumental Version Of Song,1
1961,Best Jazz Performance - Large Group (Instrumental),1
1961,Best Jazz Performance - Soloist Or Small Group (Instrumental),1
1961,Best New Artist Of 1961,1
1961,Best Opera Recording,1
1961,Best Original Cast Show Album,1
1961,Best Original Jazz Composition,1
1961,Best Performance By A Chorus,1
1961,Best Performance By A Vocal Group,1
1961,Best Performance By An Orchestra - For Dancing,1
1961,Best Performance By An Orchestra - For Other Than Dancing,1
1961,Best Recording For Children,1
1961,Best Rhythm & Blues Recording,1
1961,Best Rock & Roll Recording,1
1961,"Best Solo Vocal Performance, Female",1
1961,"Best Solo Vocal Performance, Male",1
1961,Best Sound Track Album Or Recording Of Original Cast From Motion Picture Or Television,1
1961,Best Sound Track Album Or Recording Of Score From Motion Picture Or Television,1
1961,Record Of The Year,1
1961,Song Of The Year,1
1962,Album Of The Year (Other Than Classical),1
1962,Album Of The Year - Classical,1
1962,Best Album Cover - Classical,1
1962,Best Album Cover - Other Than Classical,1
1962,Best Background Arrangement,1
1962,Best Classical Performance - Chamber Music,1
1962,Best Classical Performance - Choral (Other Than Opera),1
1962,Best Classical Performance - Instrumental Soloist Or Duo (Without Orchestra),1
1962,Best Classical Performance - Instrumental Soloist Or Soloists (With Orchestra),1
1962,Best Classical Performance - Orchestra,1
1962,Best Classical Performance - Vocal Soloist (With Or Without Orchestra),1
1962,Best Comedy Performance,1
1962,Best Contemporary Composition,1
1962,Best Country & Western Recording,1
1962,Best Documentary Or Spoken Word Recording (Other Than Comedy),1
1962,Best Engineered Recording - Classical,1
1962,Best Engineering Contribution - Novelty,1
1962,Best Engineering Contribution - Other Than Novelty And Other Than Classical,1
1962,Best Folk Recording,1
1962,Best Gospel Or Other Religious Recording,1
1962,Best Instrumental Arrangement,1
1962,Best Instrumental Theme,1
1962,Best Jazz Performance - Large Group (Instrumental),1
1962,Best Jazz Performance - Soloist Or Small Group (Instrumental),1
1962,Best New Artist Of 1962,1
1962,Best Opera Recording,1
1962,Best Original Cast Show Album,1
1962,Best Original Jazz Composition,1
1962,Best Performance By A Chorus,1
1962,Best Performance By A Vocal Group,1
1962,Best Performance By An Orchestra - For Dancing,1
1962,Best Performance By An Orchestra Or Instrumentalist With Orchestra - Primarily Not Jazz Or For Dancing,1
1962,Best Recording For Children,1
1962,Best Rhythm & Blues Recording,1
1962,Best Rock & Roll Recording,1
1962,"Best Solo Vocal Performance, Female",1
1962,"Best Solo Vocal Performance, Male",1
1962,Record Of The Year,1
1962,Song Of The Year,1
1963,Album Of The Year (Other Than Classical),1
1963,Best Album Cover - Classical,1
1963,Best Album Cover - Other Than Classical,1
1963,Best Album Notes,1
1963,Best Background Arrangement (Behind vocalist or instrumentalist),1
1963,Best Classical Composition By A Contemporary Composer,1
1963,Best Classical Performance - Chamber Music,1
1963,Best Classical Performance - Choral (Other Than Opera),1
1963,Best Classical Performance - Instrumental Soloist Or Duo (Without Orchestra),1
1963,Best Classical Performance - Instrumental Soloist Or Soloists (With Orchestra),1
1963,Best Classical Performance - Orchestra,1
1963,Best Classical Performance - Vocal Soloist (With Or Without Orchestra),1
1963,Best Comedy Performance,1
1963,Best Country & Western Recording,1
1963,"Best Documentary, Spoken Word Or Drama Recording (Other Than Comedy)",1
1963,Best Engineered Recording - Classical,1
1963,Best Engineered Recording - Other Than Classical,1
1963,Best Engineered Recording - Special Or Novel Effects,1
1963,Best Folk Recording,1
1963,Best Gospel Or Other Religious Recording (Musical),1
1963,Best Instrumental Arrangement,1
1963,Best Instrumental Jazz Performance - Large Group,1
1963,Best Instrumental Jazz Performance - Soloist Or Small Group,1
1963,Best Instrumental Theme,1
1963,Best New Artist Of 1963,1
1963,Best Opera Recording,1
1963,Best Original Jazz Composition,1
1963,Best Original Score From A Motion Picture Or Television Show,1
1963,Best Performance By A Chorus,1
1963,Best Performance By A Vocal Group,1
1963,Best Performance By An Orchestra - For Dancing,1
1963,Best Performance By An Orchestra Or Instrumentalist With Orchestra - Primarily Not Jazz Or For Dancing,1
1963,Best Recording For Children,1
1963,Best Rhythm & Blues Recording,1
1963,Best Rock & Roll Recording,1
1963,Best Score From An Original Cast Show Album,1
1963,"Best Vocal Performance, Female",1
1963,"Best Vocal Performance, Male",1
1963,Classical Album Of The Year,1
1963,Most Promising New Classical Recording Artist,1
1963,Record Of The Year,1
1963,Song Of The Year,1
1964,Album Of The Year,1
1964,Album Of The Year -- Classical,1
1964,Best Accompaniment Arrangement For Vocalist(s) Or Instrumentalist(s),1
1964,Best Album Cover - Classical,1
1964,Best Album Cover- Other Than Classical,1
1964,Best Album Notes,1
1964,Best Chamber Music Performance - Vocal,1
1964,Best Chamber Performance - Instrumental,1
1964,Best Choral Performance (Other Than Opera),1
1964,Best Comedy Performance,1
1964,Best Composition By A Contemporary Composer,1
1964,Best Country & Western Album,1
1964,Best Country & Western Single,1
1964,Best Country & Western Song,1
1964,Best Country & Western Vocal Performance - Female,1
1964,Best Country & Western Vocal Performance - Male,1
1964,"Best Documentary, Spoken Word Or Drama Recording (Other Than Comedy)",1
1964,Best Engineered Recording,1
1964,Best Engineered Recording - Non-Classical,1
1964,Best Engineered Recording - Special Or Novel Effects,1
1964,Best Folk Recording,1
1964,Best Gospel Or Other Religious Recording (Musical),1
1964,Best Instrumental Arrangement,1
1964,Best Instrumental Composition (Other Than Jazz),1
1964,Best Instrumental Jazz Performance - Large Group Or Soloist With Large Group,1
1964,Best Instrumental Jazz Performance - Small Group Or Soloist With Small Group,1
1964,Best Instrumental Performance - Non-Jazz,1
1964,Best New Artist Of 1964,1
1964,Best New Country & Western Artist Of 1964,1
1964,Best Opera Recording,1
1964,Best Original Jazz Composition,1
1964,Best Original Score Written For A Motion Picture Or Television Show,1
1964,Best Performance - Instrumental Soloist Or Soloists (With Orchestra),1
1964,Best Performance - Instrumental Soloist Or Soloists (Without Orchestra),1
1964,Best Performance - Orchestra,1
1964,Best Performance By A Chorus,1
1964,Best Performance By A Vocal Group,1
1964,Best Recording For Children,1
1964,Best Rhythm & Blues Recording,1
1964,Best Rock & Roll Recording,1
1964,Best Score From An Original Cast Show Album,1
1964,"Best Vocal Performance, Female",1
1964,"Best Vocal Performance, Male",1
1964,Best Vocal Soloist Performance (With Or Without Orchestra),1
1964,Most Promising New Classical Recording Artist,1
1964,Record Of The Year,1
1964,Song Of The Year,1
1965,Album Of The Year,1
1965,Album Of The Year -- Classical,1
1965,Best Album Cover - Graphic Arts,1
1965,Best Album Cover - Photography,1
1965,Best Album Notes,1
1965,Best Arrangement Accompanying A Vocalist Or Instrumentalist,1
1965,Best Classical Chamber Music Performance - Instrumental Or Vocal,1
1965,Best Classical Choral Performance (Other Than Opera),1
1965,Best Classical Performance - Instrumental Soloist Or Soloists (With Orchestra),1
1965,Best Classical Performance - Instrumental Soloist Or Soloists (Without Orchestra),1
1965,Best Classical Performance - Orchestra,1
1965,Best Classical Vocal Soloist Performance,1
1965,Best Comedy Performance,1
1965,Best Composition By A Contemporary Classical Composer,1
1965,Best Contemporary (R&R) Performance - Group (Vocal Or Instrumental),1
1965,Best Contemporary (R&R) Single,1
1965,Best Contemporary (R&R) Vocal Performance - Female,1
1965,Best Contemporary (R&R) Vocal Performance - Male,1
1965,Best Country & Western Album,1
1965,Best Country & Western Single,1
1965,Best Country & Western Song,1
1965,Best Country & Western Vocal Performance - Female,1
1965,Best Country & Western Vocal Performance - Male,1
1965,Best Engineered Recording - Non-Classical,1
1965,"Best Engineered Recording, Classical",1
1965,Best Folk Recording,1
1965,Best Gospel Or Other Religious Recording (Musical),1
1965,Best Instrumental Arrangement,1
1965,Best Instrumental Jazz Performance - Large Group Or Soloist With Large Group,1
1965,Best Instrumental Jazz Performance - Small Group Or Soloist With Small Group,1
1965,"Best Instrumental Performance, Non-Jazz",1
1965,Best New Artist,1
1965,Best New Country & Western Artist,1
1965,Best Opera Recording,1
1965,Best Original Jazz Composition,1
1965,Best Original Score Written For A Motion Picture Or Television Show,1
1965,Best Performance By A Chorus,1
1965,Best Performance By A Vocal Group,1
1965,Best Recording For Children,1
1965,Best Rhythm & Blues Recording,1
1965,Best Score From An Original Cast Show Album,1
1965,Best Spoken Word Or Drama Recording,1
1965,"Best Vocal Performance, Female",1
1965,"Best Vocal Performance, Male",1
1965,Most Promising New Classical Recording Artist,1
1965,Record Of The Year,1
1965,Song Of The Year,1
1966,Album Of The Year,1
1966,Album Of The Year - Classical,1
1966,"Best Album Cover, Graphic Arts",1
1966,"Best Album Cover, Photography",1
1966,Best Album Notes,1
1966,Best Arrangement Accompanying A Vocalist Or Instrumentalist,1
1966,Best Chamber Music Performance - Instrumental Or Vocal,1
1966,Best Classical Choral Performance (Other Than Opera),2
1966,Best Classical Performance - Instrumental Soloist Or Soloists (With Or Without Orchestra),1
1966,Best Classical Performance - Orchestra,1
1966,Best Classical Vocal Soloist Performance (With Or Without Orchestra),1
1966,Best Comedy Performance,1
1966,"Best Contemporary (R&R) Group Performance, Vocal Or Instrumental",1
1966,Best Contemporary (R&R) Recording,1
1966,Best Contemporary (R&R) Solo Vocal Performance - Male Or Female,1
1966,Best Country & Western Recording,1
1966,Best Country & Western Song,1
1966,Best Country & Western Vocal Performance - Female,1
1966,"Best Country & Western Vocal Performance, Male",1
1966,Best Engineered Recording - Classical,1
1966,Best Engineered Recording - Non-Classical,1
1966,Best Folk Recording,1
1966,Best Instrumental Arrangement,1
1966,Best Instrumental Jazz Performance - Group Or Soloist With Group,1
1966,Best Instrumental Performance (Other Than Jazz),1
1966,Best Instrumental Theme,1
1966,Best Opera Recording,1
1966,Best Original Jazz Composition,1
1966,Best Original Score Written For A Motion Picture Or Television Show,1
1966,Best Performance By A Chorus,1
1966,Best Performance By A Vocal Group,1
1966,Best Recording For Children,1
1966,"Best Rhythm & Blues Group Performance, Vocal Or Instrumental",1
1966,Best Rhythm & Blues Recording,1
1966,"Best Rhythm & Blues Solo Vocal Performance, Male Or Female",1
1966,Best Sacred Recording (Musical),1
1966,Best Score From An Original Cast Show Album,1
1966,"Best Spoken Word, Documentary Or Drama Recording",1
1966,"Best Vocal Performance, Female",1
1966,"Best Vocal Performance, Male",1
1966,Record Of The Year,1
1966,Song Of The Year,1
1967,Album Of The Year,1
1967,"Album Of The Year, Classical",2
1967,"Best Album Cover, Graphic Arts",1
1967,"Best Album Cover, Photography",1
1967,Best Album Notes,1
1967,Best Arrangement Accompanying Vocalist(s) Or Instrumentalist(s),1
1967,Best Chamber Music Performance,1
1967,Best Classical Choral Performance (Other Than Opera),2
1967,Best Classical Performance - Instrumental Soloist Or Soloists (With Or Without Orchestra),1
1967,Best Classical Performance - Orchestra,1
1967,Best Classical Vocal Soloist Performance,1
1967,Best Comedy Recording,1
1967,Best Contemporary Album,1
1967,Best Contemporary Female Solo Vocal Performance,1
1967,Best Contemporary Group Performance (Vocal Or Instrumental),1
1967,Best Contemporary Male Solo Vocal Performance,1
1967,Best Contemporary Single,1
1967,"Best Country & Western Performance Duet, Trio Or Group (Vocal Or Instrumental)",1
1967,Best Country & Western Recording,1
1967,"Best Country & Western Solo Vocal Performance, Female",1
1967,"Best Country & Western Solo Vocal Performance, Male",1
1967,Best Country & Western Song,1
1967,Best Engineered Recording - Non-Classical,1
1967,"Best Engineered Recording, Classical",1
1967,Best Folk Performance,1
1967,Best Gospel Performance,1
1967,Best Instrumental Arrangement,1
1967,"Best Instrumental Jazz Performance, Large Group Or Soloist With Large Group",1
1967,"Best Instrumental Jazz Performance, Small Group Or Soloist With Small Group",1
1967,Best Instrumental Performance,1
1967,Best Instrumental Theme,1
1967,Best New Artist,1
1967,Best Opera Recording,1
1967,Best Original Score Written For A Motion Picture Or A Television Show,1
1967,Best Performance By A Chorus,1
1967,Best Performance By A Vocal Group,1
1967,Best Recording For Children,1
1967,"Best Rhythm & Blues Group Performance, Vocal Or Instrumental",1
1967,Best Rhythm & Blues Recording,1
1967,"Best Rhythm & Blues Solo Vocal Performance, Female",1
1967,"Best Rhythm & Blues Solo Vocal Performance, Male",1
1967,Best Sacred Performance,1
1967,Best Score From An Original Cast Show Album,1
1967,"Best Spoken Word, Documentary Or Drama Recording",1
1967,"Best Vocal Performance, Female",1
1967,"Best Vocal Performance, Male",1
1967,Record Of The Year,1
1967,Song Of The Year,1
1968,Album Of The Year,1
1968,Best Album Cover,1
1968,Best Album Notes,1
1968,Best Arrangement Accompanying Vocalist(s),1
1968,Best Chamber Music Performance,1
1968,Best Choral Performance (Other Than Opera),1
1968,Best Classical Performance - Orchestra,1
1968,Best Comedy Recording,1
1968,Best Contemporary Pop Performance - Vocal Duo Or Group,1
1968,"Best Contemporary Pop Performance, Chorus",1
1968,"Best Contemporary Pop Performance, Instrumental",1
1968,"Best Contemporary Pop Vocal Performance, Female",1
1968,"Best Contemporary Pop Vocal Performance, Male",1
1968,"Best Country Performance, Duo Or Group - Vocal Or Instrumental",1
1968,Best Country Song,1
1968,"Best Country Vocal Performance, Female",1
1968,"Best Country Vocal Performance, Male",1
1968,Best Engineered Recording (Non-Classical),1
1968,Best Engineered Recording - Classical,1
1968,Best Folk Performance,1
1968,Best Gospel Performance,1
1968,Best Instrumental Arrangement,1
1968,Best Instrumental Jazz Performance - Large Group Or Soloist With Large Group,1
1968,Best Instrumental Jazz Performance - Small Group Or Soloist With Small Group,1
1968,Best Instrumental Theme,1
1968,Best New Artist Of The Year,1
1968,Best Opera Recording,1
1968,Best Original Score Written For A Motion Picture Or A Television Special,1
1968,Best Performance - Instrumental Soloist Or Soloists (With Or Without Orchestra),1
1968,"Best Rhythm & Blues Performance By A Duo Or Group, Vocal Or Instrumental",1
1968,Best Rhythm & Blues Song,1
1968,"Best Rhythm & Blues Vocal Performance, Female",1
1968,"Best Rhythm & Blues Vocal Performance, Male",1
1968,Best Sacred Performance,1
1968,Best Score From An Original Cast Show Album,1
1968,Best Soul Gospel Performance,1
1968,Best Spoken Word Recording,1
1968,Best Vocal Soloist Performance,1
1968,Record Of The Year,1
1968,Song Of The Year,1
1969,Album Of The Year,1
1969,"Album Of The Year, Classical",1
1969,Best Album Cover,1
1969,Best Album Notes,1
1969,Best Arrangement Accompanying Vocalist(s),1
1969,Best Chamber Music Performance,1
1969,"Best Choral Performance, Classical (Other Than Opera)",1
1969,Best Classical Performance - Instrumental Soloist Or Soloists (With Or Without Orchestra),1
1969,"Best Classical Performance, Orchestra",1
1969,Best Comedy Recording,1
1969,Best Contemporary Instrumental Performance,1
1969,Best Contemporary Performance By A Chorus,1
1969,Best Contemporary Song,1
1969,Best Contemporary Vocal Performance By A Group,1
1969,"Best Contemporary Vocal Performance, Female",1
1969,"Best Contemporary Vocal Performance, Male",1
1969,Best Country Instrumental Performance,1
1969,Best Country Performance By A Duo Or Group With Vocal,1
1969,Best Country Song,1
1969,"Best Country Vocal Performance, Female",1
1969,"Best Country Vocal Performance, Male",1
1969,Best Engineered Recording - Non-Classical,1
1969,"Best Engineered Recording, Classical",1
1969,Best Folk Performance,1
1969,Best Gospel Performance,1
1969,Best Instrumental Arrangement,1
1969,"Best Instrumental Jazz Performance, Large Group Or Soloist With Large Group",1
1969,"Best Instrumental Jazz Performance, Small Group Or Soloist With Small Group",1
1969,Best Instrumental Theme,1
1969,Best New Artist Of The Year,1
1969,Best Opera Recording,1
1969,Best Original Score Written For A Motion Picture Or A Television Special,1
1969,Best R&B Instrumental Performance,1
1969,Best R&B Vocal Performance By A Duo Or Group,1
1969,"Best R&B Vocal Performance, Female",1
1969,"Best R&B Vocal Performance, Male",1
1969,Best Recording For Children,1
1969,Best Rhythm & Blues Song,1
1969,Best Sacred Performance (Non-Classical),1
1969,Best Score From An Original Cast Show Album,1
1969,Best Soul Gospel Performance,1
1969,Best Spoken Word Recording,1
1969,"Best Vocal Soloist Performance, Classical",1
1969,Record Of The Year,1
1969,Song Of The Year,1
1970,Album Of The Year,1
1970,"Album Of The Year, Classical",1
1970,Best Album Cover,1
1970,Best Album Notes,1
1970,Best Arrangement Accompanying Vocalist(s),1
1970,Best Chamber Music Performance,1
1970,Best Choral Performance (Other Than Opera),1
1970,Best Classical Performance - Instrumental Soloist Or Soloists (With Or Without Orchestra),1
1970,"Best Classical Performance, Orchestra",1
1970,Best Classical Vocal Soloist Performance,1
1970,Best Comedy Recording,1
1970,Best Contemporary Instrumental Performance,1
1970,Best Contemporary Song,1
1970,"Best Contemporary Vocal Performance By A Duo, Group Or Chorus",1
1970,"Best Contemporary Vocal Performance, Female",1
1970,"Best Contemporary Vocal Performance, Male",1
1970,Best Country Instrumental Performance,1
1970,Best Country Song,1
1970,Best Country Vocal Performance By A Duo Or Group,1
1970,"Best Country Vocal Performance, Female",1
1970,"Best Country Vocal Performance, Male",1
1970,Best Engineered Recording - Non-Classical,1
1970,"Best Engineered Recording, Classical",1
1970,Best Ethnic Or Traditional Recording (Including Traditional Blues),1
1970,Best Gospel Performance (Other Than Soul Gospel),1
1970,Best Instrumental Arrangement,1
1970,Best Instrumental Composition,1
1970,Best Jazz Performance - Large Group Or Soloist With Large Group,1
1970,Best Jazz Performance - Small Group Or Soloist With Small Group,1
1970,Best New Artist Of The Year,1
1970,Best Opera Recording,1
1970,Best Original Score Written For A Motion Picture Or A Television Special,1
1970,"Best R&B Performance By A Duo Or Group, Vocal Or Instrumental",1
1970,"Best R&B Vocal Performance, Female",1
1970,"Best R&B Vocal Performance, Male",1
1970,Best Recording For Children,1
1970,Best Rhythm & Blues Song,1
1970,Best Sacred Performance (Musical),1
1970,Best Score From An Original Cast Show Album,1
1970,Best Soul Gospel Performance,1
1970,Best Spoken Word Recording,1
1970,Record Of The Year,1
1970,Song Of The Year,1
1971,Album Of The Year,1
1971,"Album Of The Year, Classical",1
1971,Best Album Cover,1
1971,Best Album Notes,1
1971,Best Arrangement Accompanying Vocalist(s),1
1971,Best Chamber Music Performance,1
1971,Best Choral Performance - Classical,1
1971,Best Classical Performance - Instrumental Soloist Or Soloists (With Orchestra),1
1971,Best Classical Performance - Instrumental Soloist Or Soloists (Without Orchestra),1
1971,Best Classical Performance - Orchestra,1
1971,Best Classical Vocal Soloist Performance,1
1971,Best Comedy Recording,1
1971,Best Country Instrumental Performance,1
1971,Best Country Song,1
1971,Best Country Vocal Performance By A Duo Or Group,1
1971,"Best Country Vocal Performance, Female",1
1971,"Best Country Vocal Performance, Male",1
1971,Best Engineered Recording - Non-Classical,1
1971,"Best Engineered Recording, Classical",1
1971,Best Ethnic Or Traditional Recording,1
1971,Best Gospel Performance (Other Than Soul Gospel),1
1971,Best Instrumental Arrangement,1
1971,Best Instrumental Composition,1
1971,Best Jazz Performance By A Big Band,1
1971,Best Jazz Performance By A Group,1
1971,Best Jazz Performance By A Soloist,1
1971,Best New Artist Of The Year,1
1971,Best Opera Recording,1
1971,Best Original Score Written For A Motion Picture Or A Television Special,1
1971,Best Pop Instrumental Performance,1
1971,Best Pop Vocal Performance By A Duo Or Group,1
1971,"Best Pop Vocal Performance, Female",1
1971,"Best Pop Vocal Performance, Male",1
1971,Best R&B Vocal Performance By A Group,1
1971,"Best R&B Vocal Performance, Female",1
1971,"Best R&B Vocal Performance, Male",1
1971,Best Recording For Children,1
1971,Best Rhythm & Blues Song,1
1971,Best Sacred Performance,1
1971,Best Score From An Original Cast Show Album,1
1971,Best Soul Gospel Performance,1
1971,Best Spoken Word Recording,1
1971,Record Of The Year,1
1971,Song Of The Year,1
1972,Album Of The Year,1
1972,Best Album Cover,1
1972,Best Album Notes,1
1972,Best Album Notes (Classical),1
1972,Best Arrangement Accompanying Vocalist(s),1
1972,Best Chamber Music Performance,1
1972,"Best Choral Performance, Classical (Other Than Opera)",1
1972,Best Classical Album,1
1972,Best Classical Performance - Instrumental Soloist Or Soloists (With Orchestra),1
1972,Best Classical Performance - Instrumental Soloist Or Soloists (Without Orchestra),1
1972,Best Classical Performance - Orchestra,1
1972,Best Classical Vocal Soloist Performance,1
1972,Best Comedy Recording,1
1972,Best Country Instrumental Performance,1
1972,Best Country Song,1
1972,Best Country Vocal Performance By A Duo Or Group,1
1972,"Best Country Vocal Performance, Female",1
1972,"Best Country Vocal Performance, Male",1
1972,Best Engineered Recording (Classical),1
1972,Best Engineered Recording - Non-Classical,1
1972,Best Ethnic Or Traditional Recording (Including Traditional Blues),1
1972,Best Gospel Performance (Other Than Soul Gospel),1
1972,Best Inspirational Performance,1
1972,Best Instrumental Arrangement,1
1972,Best Instrumental Composition,1
1972,Best Jazz Performance By A Big Band,1
1972,Best Jazz Performance By A Group,1
1972,Best Jazz Performance By A Soloist,1
1972,Best New Artist Of The Year,1
1972,Best Opera Recording,1
1972,Best Original Score Written For A Motion Picture Or A Television Special,1
1972,"Best Pop Instrumental Performance By An Arranger, Composer, Orchestra And/Or Choral Leader",1
1972,Best Pop Instrumental Performance By An Instrumental Performer,1
1972,"Best Pop Vocal Performance By A Duo, Group Or Chorus",1
1972,"Best Pop Vocal Performance, Female",1
1972,"Best Pop Vocal Performance, Male",1
1972,Best R&B Instrumental Performance,1
1972,"Best R&B Vocal Performance By A Duo, Group Or Chorus",1
1972,"Best R&B Vocal Performance, Female",1
1972,"Best R&B Vocal Performance, Male",1
1972,Best Recording For Children,1
1972,Best Rhythm & Blues Song,1
1972,Best Score From An Original Cast Show Album,1
1972,Best Soul Gospel Performance,1
1972,Best Spoken Word Recording,1
1972,Record Of The Year,1
1972,Song Of The Year,1
1973,Album Of Best Original Score Written For A Motion Picture Or A Television Special,1
1973,Album Of The Year,1
1973,"Album Of The Year, Classical",1
1973,Best Album Notes,1
1973,Best Album Notes - Classical,1
1973,Best Album Package,1
1973,Best Arrangement Accompanying Vocalist(s),1
1973,Best Chamber Music Performance,1
1973,"Best Choral Performance, Classical (Other Than Opera)",1
1973,Best Classical Performance - Orchestra,1
1973,Best Classical Performance Instrumental Soloist Or Soloists (With Orchestra),1
1973,Best Classical Performance Instrumental Soloist Or Soloists (Without Orchestra),1
1973,Best Classical Vocal Soloist Performance,1
1973,Best Comedy Recording,1
1973,Best Country Instrumental Performance,1
1973,Best Country Song,1
1973,Best Country Vocal Performance By A Duo Or Group,1
1973,"Best Country Vocal Performance, Female",1
1973,"Best Country Vocal Performance, Male",1
1973,Best Engineered Recording - Classical,1
1973,Best Engineered Recording - Non-Classical,1
1973,Best Ethnic Or Traditional Recording (Including Traditional Blues),1
1973,Best Gospel Performance (Other Than Soul Gospel),1
1973,Best Inspirational Performance,1
1973,Best Instrumental Arrangement,1
1973,Best Instrumental Composition,1
1973,Best Jazz Performance By A Big Band,1
1973,Best Jazz Performance By A Group,1
1973,Best Jazz Performance By A Soloist,1
1973,Best New Artist,1
1973,Best Opera Recording,1
1973,Best Pop Instrumental Performance,1
1973,"Best Pop Vocal Performance By A Duo, Group Or Chorus",1
1973,"Best Pop Vocal Performance, Female",1
1973,"Best Pop Vocal Performance, Male",1
1973,Best R&B Instrumental Performance,1
1973,"Best R&B Vocal Performance By A Duo, Group Or Chorus",1
1973,"Best R&B Vocal Performance, Female",1
1973,"Best R&B Vocal Performance, Male",1
1973,Best Recording For Children,1
1973,Best Rhythm & Blues Song,1
1973,Best Score From The Original Cast Show Album,1
1973,Best Soul Gospel Performance,1
1973,Best Spoken Word Recording,1
1973,Record Of The Year,1
1973,Song Of The Year,1
1974,Album Of Best Original Score Written For A Motion Picture Or A Television Special,1
1974,Album Of The Year,1
1974,"Album Of The Year, Classical",1
1974,Best Album Notes,2
1974,Best Album Notes - Classical,1
1974,Best Album Package,1
1974,Best Arrangement Accompanying Vocalists,1
1974,Best Chamber Music Performance,1
1974,"Best Choral Performance, Classical (Other Than Opera)",1
1974,Best Classical Performance - Orchestra,1
1974,Best Classical Performance Instrumental Soloist Or Soloists (With Orchestra),1
1974,Best Classical Performance Instrumental Soloist Or Soloists (Without Orchestra),1
1974,Best Classical Vocal Soloist Performance,1
1974,Best Comedy Recording,1
1974,Best Country Instrumental Performance,1
1974,Best Country Song,1
1974,Best Country Vocal Performance By A Duo Or Group,1
1974,"Best Country Vocal Performance, Female",1
1974,"Best Country Vocal Performance, Male",1
1974,Best Engineered Recording - Classical,1
1974,Best Engineered Recording - Non-Classical,1
1974,Best Ethnic Or Traditional Recording,1
1974,Best Gospel Performance (Other Than Soul Gospel),1
1974,Best Inspirational Performance (Non-Classical),1
1974,Best Instrumental Arrangement,1
1974,Best Instrumental Composition,1
1974,Best Jazz Performance By A Big Band,1
1974,Best Jazz Performance By A Group,1
1974,Best Jazz Performance By A Soloist,1
1974,Best New Artist Of The Year,1
1974,Best Opera Recording,1
1974,Best Pop Instrumental Performance,1
1974,"Best Pop Vocal Performance By A Duo, Group Or Chorus",1
1974,"Best Pop Vocal Performance, Female",1
1974,"Best Pop Vocal Performance, Male",1
1974,Best Producer Of The Year,1
1974,Best R&B Instrumental Performance,1
1974,"Best R&B Vocal Performance By A Duo, Group Or Chorus",1
1974,"Best R&B Vocal Performance, Female",1
1974,"Best R&B Vocal Performance, Male",1
1974,Best Recording For Children,1
1974,Best Rhythm & Blues Song,1
1974,Best Score From The Original Cast Show Album,1
1974,Best Soul Gospel Performance,1
1974,Best Spoken Word Recording,1
1974,Record Of The Year,1
1974,Song Of The Year,1
1975,Album Of Best Original Score Written For A Motion Picture Or A Television Special,1
1975,Album Of The Year,1
1975,"Album Of The Year, Classical",1
1975,Best Album Notes,1
1975,"Best Album Notes, Classical",1
1975,Best Album Package,1
1975,Best Arrangement Accompanying Vocalist(s),1
1975,Best Cast Show Album,1
1975,Best Chamber Music Performance,1
1975,"Best Choral Performance, Classical (Other Than Opera)",1
1975,Best Classical Performance - Orchestra,1
1975,Best Classical Performance Instrumental Soloist Or Soloists (With Orchestra),1
1975,Best Classical Performance Instrumental Soloist Or Soloists (Without Orchestra),1
1975,Best Classical Vocal Soloist Performance,1
1975,Best Comedy Recording,1
1975,Best Country Instrumental Performance,1
1975,Best Country Song,1
1975,Best Country Vocal Performance By A Duo Or Group,1
1975,"Best Country Vocal Performance, Female",1
1975,"Best Country Vocal Performance, Male",1
1975,Best Engineered Recording - Non-Classical,1
1975,"Best Engineered Recording, Classical",1
1975,Best Ethnic Or Traditional Recording,1
1975,Best Gospel Performance (Other Than Soul Gospel),1
1975,Best Inspirational Performance,1
1975,Best Instrumental Arrangement,1
1975,Best Instrumental Composition,1
1975,Best Jazz Performance By A Big Band,1
1975,Best Jazz Performance By A Group,1
1975,Best Jazz Performance By A Soloist,1
1975,Best Latin Recording,1
1975,Best New Artist Of The Year,1
1975,Best Opera Recording,1
1975,Best Pop Instrumental Performance,1
1975,"Best Pop Vocal Performance By A Duo, Group Or Chorus",1
1975,"Best Pop Vocal Performance, Female",1
1975,"Best Pop Vocal Performance, Male",1
1975,Best Producer Of The Year,1
1975,Best R&B Instrumental Performance,1
1975,"Best R&B Vocal Performance By A Duo, Group Or Chorus",1
1975,"Best R&B Vocal Performance, Female",1
1975,"Best R&B Vocal Performance, Male",1
1975,Best Recording For Children,1
1975,Best Rhythm & Blues Song,1
1975,Best Soul Gospel Performance,1
1975,Best Spoken Word Recording,1
1975,Record Of The Year,1
1975,Song Of The Year,1
1976,Album Of Best Original Score Written For A Motion Picture Or Television Special,1
1976,Album Of The Year,1
1976,Best Album Notes,1
1976,Best Album Package,1
1976,Best Arrangement Accompanying Vocalist(s),1
1976,"Best Arrangement For Voices (Duo, Group Or Chorus)",1
1976,Best Cast Show Album,1
1976,Best Chamber Music Performance,1
1976,Best Choral Performance (Other Than Opera),1
1976,Best Classical Orchestral Performance,1
1976,"Best Classical Performance, Instrumental Soloist Or Soloists (With Orchestra)",1
1976,"Best Classical Performance, Instrumental Soloist Or Soloists (Without Orchestra)",1
1976,Best Classical Vocal Soloist Performance,1
1976,Best Comedy Recording,1
1976,Best Country Instrumental Performance,1
1976,Best Country Song,1
1976,Best Country Vocal Performance By A Duo Or Group,1
1976,"Best Country Vocal Performance, Female",1
1976,"Best Country Vocal Performance, Male",1
1976,Best Engineered Recording - Non-Classical,1
1976,"Best Engineered Recording, Classical",1
1976,Best Ethnic Or Traditional Recording,1
1976,Best Gospel Performance (Other Than Soul Gospel),1
1976,Best Inspirational Performance,1
1976,Best Instrumental Arrangement,1
1976,Best Instrumental Composition,1
1976,Best Jazz Performance By A Big Band,1
1976,Best Jazz Performance By A Group,1
1976,Best Jazz Performance By A Soloist (Instrumental),1
1976,Best Jazz Vocal Performance,1
1976,Best Latin Recording,1
1976,Best New Artist Of The Year,1
1976,Best Opera Recording,1
1976,Best Pop Instrumental Performance,1
1976,"Best Pop Vocal Performance By A Duo, Group Or Chorus",1
1976,"Best Pop Vocal Performance, Female",1
1976,"Best Pop Vocal Performance, Male",1
1976,Best Producer Of The Year,1
1976,Best R&B Instrumental Performance,1
1976,"Best R&B Vocal Performance By A Duo, Group Or Chorus",1
1976,"Best R&B Vocal Performance, Female",1
1976,"Best R&B Vocal Performance, Male",1
1976,Best Recording For Children,1
1976,Best Rhythm & Blues Song,1
1976,Best Soul Gospel Performance,1
1976,Best Spoken Word Recording,1
1976,Classical Album Of The Year,1
1976,Record Of The Year,1
1976,Song Of The Year,1
1977,Album Of The Year,1
1977,Best Album Notes,1
1977,Best Album Package,1
1977,Best Arrangement Accompanying Vocalist(s),1
1977,Best Arrangement For Voices,1
1977,Best Cast Show Album,1
1977,Best Chamber Music Performance,1
1977,Best Choral Performance (Other Than Opera),1
1977,Best Classical Album,1
1977,Best Classical Orchestral Performance,1
1977,Best Classical Performance Instrumental Soloist Or Soloists (With Orchestra),1
1977,Best Classical Performance Instrumental Soloist Or Soloists (Without Orchestra),1
1977,Best Classical Vocal Soloist Performance,1
1977,Best Comedy Recording,1
1977,Best Country Instrumental Performance,1
1977,Best Country Song,1
1977,Best Country Vocal Performance By A Duo Or Group,1
1977,"Best Country Vocal Performance, Female",1
1977,"Best Country Vocal Performance, Male",1
1977,Best Engineered Recording - Non-Classical,1
1977,"Best Engineered Recording, Classical",1
1977,Best Ethnic Or Traditional Recording,1
1977,"Best Gospel Performance, Contemporary Or Insprirational",1
1977,"Best Gospel Performance, Traditional",1
1977,Best Inspirational Performance,1
1977,Best Instrumental Arrangement,1
1977,Best Instrumental Composition,1
1977,Best Jazz Performance By A Big Band,1
1977,Best Jazz Performance By A Group,1
1977,Best Jazz Performance By A Soloist,1
1977,Best Jazz Vocal Performance,1
1977,Best Latin Recording,1
1977,Best New Artist Of The Year,1
1977,Best Opera Recording,1
1977,Best Original Score Written For A Motion Picture Or A Television Special,1
1977,Best Pop Instrumental Recording,1
1977,Best Pop Vocal Performance By A Group,1
1977,"Best Pop Vocal Performance, Female",1
1977,"Best Pop Vocal Performance, Male",1
1977,Best R&B Instrumental Performance,1
1977,"Best R&B Vocal Performance By A Duo, Group Or Chorus",1
1977,"Best R&B Vocal Performance, Female",1
1977,"Best R&B Vocal Performance, Male",1
1977,Best Recording For Children,1
1977,Best Rhythm & Blues Song,1
1977,"Best Soul Gospel Performance, Contemporary",1
1977,"Best Soul Gospel Performance, Traditional",1
1977,Best Spoken Word Recording,1
1977,Producer Of The Year,1
1977,Record Of The Year,1
1977,Song Of The Year,2
1978,Album Of The Year,1
1978,Best Album Notes,1
1978,Best Album Of Original Score Written For A Motion Picture Or A Television Special,1
1978,Best Album Package,1
1978,Best Arrangement Accompanying Vocal(s),1
1978,Best Arrangement For Voices,1
1978,Best Cast Show Album,1
1978,Best Chamber Music Performance,1
1978,"Best Choral Performance, Classical (Other Than Opera)",1
1978,Best Classical Album,1
1978,Best Classical Orchestral Performance,1
1978,"Best Classical Performance, Instrumental Soloist(s) (With Orchestra)",1
1978,"Best Classical Performance, Instrumental Soloist(s) (Without Orchestra)",1
1978,Best Classical Vocal Soloist Performance,1
1978,Best Comedy Recording,1
1978,Best Country Instrumental Performance,1
1978,Best Country Song,1
1978,Best Country Vocal Performance By A Duo Or Group,1
1978,"Best Country Vocal Performance, Female",1
1978,"Best Country Vocal Performance, Male",1
1978,Best Engineered Recording - Non-Classical,1
1978,"Best Engineered Recording, Classical",1
1978,Best Ethnic Or Traditional Recording,1
1978,"Best Gospel Performance, Contemporary Or Inspirational",1
1978,"Best Gospel Performance, Traditional",1
1978,Best Historical Repackage Album,1
1978,Best Inspirational Performance,1
1978,Best Instrumental Arrangement,1
1978,Best Instrumental Composition,1
1978,"Best Jazz Instrumental Performance, Big Band",1
1978,"Best Jazz Instrumental Performance, Group",1
1978,"Best Jazz Instrumental Performance, Soloist",1
1978,Best Jazz Vocal Performance,1
1978,Best Latin Recording,1
1978,Best New Artist,1
1978,Best Opera Recording,1
1978,Best Pop Instrumental Performance,1
1978,"Best Pop Vocal Performance By A Duo, Group Or Chorus",1
1978,"Best Pop Vocal Performance, Female",1
1978,"Best Pop Vocal Performance, Male",1
1978,Best R&B Instrumental Performance,1
1978,"Best R&B Vocal Performance By A Duo, Group Or Chorus",1
1978,"Best R&B Vocal Performance, Female",1
1978,"Best R&B Vocal Performance, Male",1
1978,Best Recording For Children,1
1978,Best Rhythm & Blues Song,1
1978,"Best Soul Gospel Performance, Contemporary",1
1978,"Best Soul Gospel Performance, Traditional",1
1978,Best Spoken Word Recording,1
1978,Producer Of The Year,1
1978,Record Of The Year,1
1978,Song Of The Year,1
1979,Album Of The Year,1
1979,Best Album Notes,1
1979,Best Album Of Original Score Written For A Motion Picture Or A Television Special,1
1979,Best Album Package,1
1979,Best Arrangement Accompanying Vocals,1
1979,Best Cast Show Album,1
1979,Best Chamber Music Performance,1
1979,"Best Choral Performance, Classical (Other Than Opera)",1
1979,Best Classical Album,1
1979,Best Classical Orchestral Recording,1
1979,Best Classical Performance - Instrumental Soloist Or Soloists (With Orchestra),1
1979,Best Classical Performance - Instrumental Soloist Or Soloists (Without Orchestra),1
1979,Best Classical Vocal Soloist Performance,1
1979,Best Comedy Recording,1
1979,Best Country Instrumental Performance,1
1979,Best Country Song,1
1979,Best Country Vocal Performance By A Duo Or Group,1
1979,"Best Country Vocal Performance, Female",1
1979,"Best Country Vocal Performance, Male",1
1979,Best Disco Recording,1
1979,Best Engineered Recording - Non-Classical,1
1979,"Best Engineered Recording, Classical",1
1979,Best Ethnic Or Traditional Recording,1
1979,"Best Gospel Performance, Contemporary Or Inspirational",1
1979,"Best Gospel Performance, Traditional",1
1979,Best Historical Reissue,1
1979,Best Inspirational Performance,1
1979,Best Instrumental Arrangement,1
1979,Best Instrumental Composition,1
1979,"Best Jazz Fusion Performance, Vocal Or Instrumental",1
1979,"Best Jazz Instrumental Performance, Big Band",1
1979,"Best Jazz Instrumental Performance, Group",1
1979,"Best Jazz Instrumental Performance, Soloist",1
1979,Best Jazz Vocal Performance,1
1979,Best Latin Recording,1
1979,Best New Artist,1
1979,Best Opera Recording,1
1979,Best Pop Instrumental Performance,1
1979,"Best Pop Vocal Performance By A Duo, Group Or Chorus",1
1979,"Best Pop Vocal Performance, Female",1
1979,"Best Pop Vocal Performance, Male",1
1979,Best R&B Instrumental Performance,1
1979,"Best R&B Vocal Performance By A Duo, Group Or Chorus",1
1979,"Best R&B Vocal Performance, Female",1
1979,"Best R&B Vocal Performance, Male",1
1979,Best Recording For Children,1
1979,Best Rhythm & Blues Song,1
1979,Best Rock Instrumental Performance,1
1979,Best Rock Vocal Performance By A Duo Or Group,1
1979,"Best Rock Vocal Performance, Female",1
1979,"Best Rock Vocal Performance, Male",1
1979,"Best Soul Gospel Performance, Contemporary",1
1979,"Best Soul Gospel Performance, Traditional",1
1979,"Best Spoken Word, Documentary Or Drama Recording",1
1979,Classical Producer Of The Year,1
1979,Producer Of The Year,1
1979,Record Of The Year,1
1979,Song Of The Year,1
1980,Album Of The Year,1
1980,Best Album Notes,1
1980,Best Album Of Original Score Written For A Motion Picture Or A Television Special,1
1980,Best Album Package,1
1980,Best Arrangement Accompanying Vocalist(s),1
1980,Best Arrangement For Voices,1
1980,Best Cast Show Album,1
1980,Best Chamber Music Performance,1
1980,"Best Choral Performance, Classical (Other Than Opera)",1
1980,Best Classical Album,1
1980,Best Classical Orchestral Recording,1
1980,Best Classical Performance - Instrumental Soloist OR Soloists (With Orchestra),1
1980,Best Classical Performance - Instrumental Soloist Or Soloists (Without Orchestra),1
1980,Best Classical Performance- Instrumental Soloist Or Soloists (With Orchestra),1
1980,Best Classical Vocal Soloist Performance,1
1980,Best Comedy Recording,1
1980,Best Country Instrumental Performance,1
1980,Best Country Performance Duo Or Group,1
1980,Best Country Song,1
1980,"Best Country Vocal Performance, Female",1
1980,"Best Country Vocal Performance, Male",1
1980,Best Engineered Recording - Non-Classical,1
1980,"Best Engineered Recording, Classical",1
1980,Best Ethnic Or Traditional Recording,1
1980,"Best Gospel Performance, Contemporary Or Inspirational",1
1980,"Best Gospel Performance, Traditional",1
1980,Best Historical Reissue Album,1
1980,Best Inspirational Performance,1
1980,Best Instrumental Arrangement,1
1980,Best Instrumental Composition,1
1980,"Best Jazz Fusion Performance, Vocal Or Istrumental",1
1980,"Best Jazz Instrumental Performance, Big Band",1
1980,"Best Jazz Instrumental Performance, Group",1
1980,"Best Jazz Instrumental Performance, Soloist",1
1980,"Best Jazz Vocal Performance, Female",1
1980,"Best Jazz Vocal Performance, Male",1
1980,Best Latin Recording,1
1980,Best New Artist,1
1980,Best Opera Recording,1
1980,Best Pop Instrumental Performance,1
1980,Best Pop Performance By A Duo Or Group With Vocal,1
1980,"Best Pop Vocal Performance, Female",1
1980,"Best Pop Vocal Performance, Male",1
1980,Best R&B Instrumental Performance,1
1980,Best R&B Performance By A Duo Or Group With Vocal,1
1980,"Best R&B Vocal Performance, Female",1
1980,"Best R&B Vocal Performance, Male",1
1980,Best Recording For Children,1
1980,Best Rhythm & Blues Song,1
1980,Best Rock Instrumental Performance,1
1980,Best Rock Performance By A Duo Or Group With Vocal,1
1980,"Best Rock Vocal Performance, Female",1
1980,"Best Rock Vocal Performance, Male",1
1980,"Best Soul Gospel Performance, Contemporary",1
1980,"Best Soul Gospel Performance, Traditional",1
1980,"Best Spoken Word, Documentary Or Drama",1
1980,Classical Producer Of The Year,1
1980,Producer Of The Year (Non-Classical),1
1980,Record Of The Year,1
1980,Song Of The Year,1
1981,Album Of The Year,1
1981,Best Album Notes,1
1981,Best Album Of Original Score Written For A Motion Picture Or A Television Special,1
1981,Best Album Package,1
1981,Best Arrangement On An Instrumental Recording,1
1981,Best Cast Show Album,1
1981,Best Chamber Music Performance,1
1981,Best Choral Performance (Other Than Opera),1
1981,Best Classical Album,1
1981,Best Classical Orchestral Recording,1
1981,Best Classical Performance - Instrumental Soloist Or Soloists (With Orchestra),1
1981,Best Classical Performance - Instrumental Soloist Or Soloists (Without Orchestra),1
1981,Best Classical Vocal Soloist Performance,1
1981,Best Comedy Recording,1
1981,Best Country Instrumental Performance,1
1981,Best Country Performance By A Duo Or Group With Vocal,1
1981,Best Country Song,1
1981,"Best Country Vocal Performance, Female",1
1981,"Best Country Vocal Performance, Male",1
1981,Best Engineered Recording - Non-Classical,1
1981,"Best Engineered Recording, Classical",1
1981,Best Ethnic Or Traditional Recording,1
1981,Best Gospel Performance Contemporary Or Inspirational,1
1981,"Best Gospel Performance, Traditional",1
1981,Best Historical Album,1
1981,Best Inspirational Performance,1
1981,Best Instrumental Arrangement Accompanying Vocal(s),1
1981,Best Instrumental Composition,1
1981,"Best Jazz Fusion Performance, Vocal Or Instrumental",1
1981,"Best Jazz Instrumental Performance, Big Band",1
1981,"Best Jazz Instrumental Performance, Group",1
1981,"Best Jazz Instrumental Performance, Soloist",1
1981,"Best Jazz Vocal Performance, Duo Or Group",1
1981,"Best Jazz Vocal Performance, Female",1
1981,"Best Jazz Vocal Performance, Male",1
1981,Best Latin Recording,1
1981,Best New Artist,1
1981,Best Opera Recording,1
1981,Best Pop Instrumental Performance,1
1981,Best Pop Vocal Performance By A Duo Or Group With Vocal,1
1981,"Best Pop Vocal Performance, Female",1
1981,"Best Pop Vocal Performance, Male",1
1981,Best R&B Instrumental Performance,1
1981,Best R&B Performance By A Duo Or Group With Vocal,1
1981,"Best R&B Vocal Performance, Female",1
1981,"Best R&B Vocal Performance, Male",1
1981,Best Recording For Children,1
1981,Best Rhythm & Blues Song,1
1981,Best Rock Instrumental Performance,1
1981,Best Rock Performance By A Duo Or Group With Vocal,1
1981,"Best Rock Vocal Performance, Female",1
1981,"Best Rock Vocal Performance, Male",1
1981,"Best Soul Gospel Performance, Contemporary",1
1981,"Best Soul Gospel Performance, Traditional",1
1981,"Best Spoken Word, Documentary Or Drama Recording",1
1981,Best Vocal Arrangement For Two Or More Voices,1
1981,Classical Producer Of The Year,1
1981,Producer Of The Year,1
1981,Record Of The Year,1
1981,Song Of The Year,1
1981,Video Of The Year,1
1982,Album Of The Year,1
1982,Best Album Notes,1
1982,Best Album Of Original Score Written For A Motion Picture Or Television Special,1
1982,Best Album Package,1
1982,Best Arrangement On An Instrumental Recording,1
1982,Best Cast Show Album,1
1982,Best Chamber Music Performance,1
1982,Best Choral Performance (Other Than Opera),1
1982,Best Classical Album,1
1982,"Best Classical Performance, Instrumental Soloist (With Orchestra)",1
1982,"Best Classical Performance, Instrumental Soloist (Without Orchestra)",1
1982,Best Classical Vocal Soloist Performance,1
1982,Best Comedy Recording,1
1982,Best Country Instrumental Performance,1
1982,Best Country Performance By A Duo Or Group With Vocal,1
1982,Best Country Song,1
1982,"Best Country Vocal Performance, Female",1
1982,"Best Country Vocal Performance, Male",1
1982,Best Engineered Recording - Non-Classical,1
1982,"Best Engineered Recording, Classical",1
1982,Best Ethnic Or Traditional Folk Recording,1
1982,"Best Gospel Performance, Contemporary",1
1982,"Best Gospel Performance, Traditional",1
1982,Best Historical Album,1
1982,Best Inspirational Performance,1
1982,Best Instrumental Arrangement Accompanying Vocal(s),1
1982,Best Instrumental Composition,1
1982,"Best Jazz Fusion Performance, Vocal Or Instrumental",1
1982,"Best Jazz Instrumental Performance, Big Band",1
1982,"Best Jazz Instrumental Performance, Group",1
1982,"Best Jazz Instrumental Performance, Soloist",1
1982,Best Jazz Vocal Performance Duo Or Group,1
1982,"Best Jazz Vocal Performance, Female",1
1982,"Best Jazz Vocal Performance, Male",1
1982,Best Latin Recording,1
1982,Best New Artist,1
1982,Best Opera Recording,1
1982,Best Orchestral Performance,1
1982,Best Pop Instrumental Performance,1
1982,Best Pop Performance By A Duo Or Group With Vocal,1
1982,"Best Pop Vocal Performance, Female",1
1982,"Best Pop Vocal Performance, Male",1
1982,Best R&B Instrumental Performance,1
1982,Best R&B Performance By A Duo Or Group With Vocal,2
1982,"Best R&B Vocal Performance, Female",1
1982,"Best R&B Vocal Performance, Male",1
1982,Best Recording For Children,1
1982,Best Rhythm & Blues Song,1
1982,Best Rock Instrumental Performance,1
1982,Best Rock Performance By A Duo Or Group With Vocal,1
1982,"Best Rock Vocal Performance, Female",1
1982,"Best Rock Vocal Performance, Male",1
1982,"Best Soul Gospel Performance, Contemporary",1
1982,"Best Soul Gospel Performance, Traditional",1
1982,"Best Spoken Word, Documentary Or Drama Recording",1
1982,Best Traditional Blues Recording,1
1982,Best Vocal Arrangement For Two Or More Voices,1
1982,Classical Producer Of The Year,1
1982,Producer Of The Year,1
1982,Record Of The Year,1
1982,Song Of The Year,1
1982,Video Of The Year,1
1983,Album Of The Year,1
1983,Best Album Notes,1
1983,Best Album Of Original Score Written For A Motion Picture Or A Television Special,1
1983,Best Album Package,1
1983,Best Arrangement On An Instrumental,1
1983,Best Cast Show Album,1
1983,Best Chamber Music Performance,1
1983,Best Choral Performance (Other Than Opera),1
1983,Best Classical Album,1
1983,Best Classical Performance - Instrumental Soloist Or Soloists (With Orchestra),1
1983,Best Classical Performance - Instrumental Soloist Or Soloists (Without Orchestra),1
1983,Best Classical Vocal Soloist Performance,1
1983,Best Comedy Recording,1
1983,Best Country Instrumental Performance,1
1983,Best Country Performance By A Duo Or Group With Vocal,1
1983,"Best Country Vocal Performance, Female",1
1983,"Best Country Vocal Performance, Male",1
1983,Best Engineered Recording - Non-Classical,1
1983,"Best Engineered Recording, Classical",1
1983,Best Ethnic Or Traditional Folk Recording,1
1983,Best Gospel Performance By A Duo Or Group,1
1983,"Best Gospel Performance, Female",1
1983,"Best Gospel Performance, Male",1
1983,Best Historical Album,1
1983,Best Inspirational Performance,1
1983,Best Instrumental Arrangement Accompanying Vocal(s),1
1983,Best Instrumental Composition,1
1983,"Best Jazz Fusion Performance, Vocal Or Instrumental",1
1983,"Best Jazz Instrumental Performance, Big Band",1
1983,"Best Jazz Instrumental Performance, Group",1
1983,"Best Jazz Instrumental Performance, Soloist",1
1983,"Best Jazz Vocal Performance, Duo Or Group",1
1983,"Best Jazz Vocal Performance, Female",1
1983,"Best Jazz Vocal Performance, Male",1
1983,Best Latin Pop Performance,1
1983,Best Mexican-American Performance,1
1983,Best New Artist,1
1983,Best New Country Song,1
1983,Best Opera Recording,2
1983,Best Orchestral Recording,1
1983,Best Pop Instrumental Performance,1
1983,Best Pop Performance By A Duo Or Group With Vocal,1
1983,"Best Pop Vocal Performance, Female",1
1983,"Best Pop Vocal Performance, Male",1
1983,Best R&B Instrumental Performance,1
1983,Best R&B Performance By A Duo Or Group With Vocal,1
1983,"Best R&B Vocal Performance, Female",1
1983,"Best R&B Vocal Performance, Male",1
1983,Best Recording For Children,1
1983,Best Rhythm & Blues Song,1
1983,Best Rock Instrumental Performance,1
1983,Best Rock Performance By A Duo Or Group With Vocal,1
1983,"Best Rock Vocal Performance, Female",1
1983,"Best Rock Vocal Performance, Male",1
1983,Best Soul Gospel Performance By A Duo Or Group,1
1983,"Best Soul Gospel Performance, Female",1
1983,"Best Soul Gospel Performance, Male",1
1983,Best Spoken Word Or Non-Musical Recording,1
1983,Best Traditional Blues Recording,1
1983,Best Tropical Latin Performance,1
1983,Best Video Album,1
1983,"Best Video, Short Form",1
1983,Best Vocal Arrangement For Two Or More Voices,1
1983,Classical Producer Of The Year,1
1983,Producer Of The Year (Non-Classical),1
1983,Record Of The Year,1
1983,Song Of The Year,1
1984,Album Of The Year,1
1984,Best Album Notes,1
1984,Best Album Of Original Score Written For A Motion Picture Or A Television Special,1
1984,Best Album Package,1
1984,Best Arrangement On An Instrumental,1
1984,Best Cast Show Album,1
1984,Best Chamber Music Performance,1
1984,Best Choral Performance (Other Than Opera),1
1984,Best Classical Album,1
1984,Best Classical Orchestral Recording,1
1984,Best Classical Performance - Instrumental Soloist Or Soloists (With Orchestra),1
1984,Best Classical Performance - Instrumental Soloist Or Soloists (Without Orchestra),1
1984,Best Classical Vocal Soloist Performance,1
1984,Best Comedy Recording,1
1984,Best Country Instrumental Performance,1
1984,Best Country Performance By A Duo Or Group With Vocal,1
1984,Best Country Song,1
1984,"Best Country Vocal Performance, Female",1
1984,"Best Country Vocal Performance, Male",1
1984,Best Engineered Recording - Non-Classical,1
1984,"Best Engineered Recording, Classical",1
1984,Best Ethnic Or Traditional Folk Recording,1
1984,Best Gospel Performance By A Duo Or Group,1
1984,"Best Gospel Performance, Female",1
1984,"Best Gospel Performance, Male",1
1984,Best Historical Album,1
1984,Best Inspirational Performance,1
1984,Best Instrumental Arrangement Accompanying Vocal(s),1
1984,Best Instrumental Composition,2
1984,"Best Jazz Fusion Performance, Vocal Or Instrumental",1
1984,"Best Jazz Instrumental Performance, Big Band",1
1984,"Best Jazz Instrumental Performance, Group",1
1984,"Best Jazz Instrumental Performance, Soloist",1
1984,Best Jazz Vocal Performance,1
1984,Best Latin Pop Performance,1
1984,Best Mexican-American Performance,1
1984,Best New Artist,1
1984,Best New Classical Composition,1
1984,Best Opera Recording,1
1984,Best Pop Instrumental Performance,1
1984,Best Pop Performance By A Duo Or Group With Vocal,1
1984,"Best Pop Vocal Performance, Female",1
1984,"Best Pop Vocal Performance, Male",1
1984,Best R&B Instrumental Performance,1
1984,Best R&B Performance By A Duo Or Group With Vocal,1
1984,"Best R&B Vocal Performance, Female",1
1984,"Best R&B Vocal Performance, Male",1
1984,Best Recording For Children,1
1984,Best Reggae Recording,1
1984,Best Rhythm & Blues Song,1
1984,Best Rock Instrumental Performance,1
1984,Best Rock Performance By A Duo Or Group With Vocal,1
1984,"Best Rock Vocal Performance, Female",1
1984,"Best Rock Vocal Performance, Male",1
1984,Best Soul Gospel Performance By A Duo Or Group,1
1984,"Best Soul Gospel Performance, Female",1
1984,"Best Soul Gospel Performance, Male",1
1984,Best Spoken Word Or Non-Musical Recording,1
1984,Best Traditional Blues Recording,1
1984,Best Tropical Latin Performance,1
1984,Best Video Album,1
1984,"Best Video, Short Form",1
1984,Best Vocal Arrangement For Two Or More Voices,1
1984,Classical Producer Of The Year,1
1984,Producer Of The Year (Non-Classical),2
1984,Record Of The Year,1
1984,Song Of The Year,1
1985,Album Of The Year,1
1985,Best Album Notes,1
1985,Best Album Of Original Score Written For A Motion Picture Or A Television Special,1
1985,Best Album Package,1
1985,Best Arrangement On An Instrumental,1
1985,Best Cast Show Album,1
1985,Best Chamber Music Performance,1
1985,Best Choral Performance (Other Than Opera),1
1985,Best Classical Album,1
1985,Best Classical Orchestral Recording,1
1985,Best Classical Performance - Instrumental Soloist Or Soloists (With Orchestra),1
1985,Best Classical Performance - Instrumental Soloist Or Soloists (Without Orchestra),1
1985,Best Classical Vocal Soloist Performance,1
1985,Best Comedy Recording,1
1985,Best Contemporary Composition,1
1985,"Best Country Instrumental Performance (Orchestra, Group Or Soloist)",1
1985,Best Country Performance By A Duo Or Group With Vocal,1
1985,Best Country Song,1
1985,"Best Country Vocal Performance, Female",1
1985,"Best Country Vocal Performance, Male",1
1985,Best Engineered Recording - Non Classical,1
1985,"Best Engineered Recording, Classical",1
1985,Best Ethnic Or Traditional Folk Recording,1
1985,"Best Gospel Performance By A Duo Or Group, Choir Or Chorus",1
1985,"Best Gospel Performance, Female",1
1985,"Best Gospel Performance, Male",1
1985,Best Historical Album,1
1985,Best Inspirational Performance,1
1985,Best Instrumental Arrangement Accompanying Vocal(s),1
1985,Best Instrumental Composition,1
1985,"Best Jazz Fusion Performance, Vocal Or Instrumental",1
1985,"Best Jazz Instrumental Performance, Big Band",1
1985,"Best Jazz Instrumental Performance, Group",1
1985,"Best Jazz Instrumental Performance, Soloist",1
1985,"Best Jazz Vocal Performance, Duo Or Group",1
1985,"Best Jazz Vocal Performance, Female",1
1985,"Best Jazz Vocal Performance, Male",1
1985,Best Latin Pop Performance,1
1985,Best Mexican-American Performance,1
1985,"Best Music Video, Long Form",1
1985,"Best Music Video, Short Form",1
1985,Best New Artist,1
1985,Best New Classical Artist,1
1985,Best Opera Recording,1
1985,Best Polka Recording,1
1985,"Best Pop Instrumental Performance (Orchestra, Group Or Soloist)",1
1985,Best Pop Performance By A Duo Or Group With Vocal,1
1985,"Best Pop Vocal Performance, Female",1
1985,"Best Pop Vocal Performance, Male",1
1985,"Best R&B Instrumental Performance (Orchestra, Group Or Soloist)",1
1985,Best R&B Performance By A Duo Or Group With Vocal,1
1985,"Best R&B Vocal Performance, Female",1
1985,"Best R&B Vocal Performance, Male",1
1985,Best Recording For Children,1
1985,Best Reggae Recording,1
1985,Best Rhythm & Blues Song,1
1985,"Best Rock Instrumental Performance (Orchestra, Group Or Soloist)",1
1985,Best Rock Performance By A Duo Or Group With Vocal,1
1985,"Best Rock Vocal Performance, Female",1
1985,"Best Rock Vocal Performance, Male",1
1985,"Best Soul Gospel Performance By A Duo, Group, Choir Or Chorus",1
1985,"Best Soul Gospel Performance, Female",1
1985,"Best Soul Gospel Performance, Male",1
1985,Best Spoken Word Or Non-Musical Recording,1
1985,Best Traditional Blues Recording,1
1985,Best Tropical Latin Performance,2
1985,Best Vocal Arrangement For Two Or More Voices,1
1985,Classical Producer Of The Year,1
1985,Producer Of The Year (Non-Classical),1
1985,Record Of The Year,1
1985,Song Of The Year,1
1986,Album Of The Year,1
1986,Best Album Notes,1
1986,Best Album Package,1
1986,Best Arrangement On An Instrumental,1
1986,Best Chamber Music Performance,1
1986,Best Choral Performance (Other Than Opera),1
1986,Best Classical Album,1
1986,Best Classical Orchestral Recording,1
1986,Best Classical Performance - Instrumental Soloist Or Soloists (With Or Without Orchestra),1
1986,Best Classical Vocal Soloist Performance,1
1986,Best Comedy Recording,1
1986,Best Contemporary Composition,1
1986,Best Contemporary Folk Recording,1
1986,"Best Country Instrumental Performance (Orchestra, Group Or Soloist)",1
1986,Best Country Performance By A Duo Or Group With Vocal,1
1986,Best Country Song,1
1986,"Best Country Vocal Performance, Female",1
1986,"Best Country Vocal Solo Performance, Male",1
1986,Best Engineered Recording - Non-Classical,1
1986,"Best Engineered Recording, Classical",1
1986,"Best Gospel Performance By A Duo Or Group, Choir Or Chorus",1
1986,"Best Gospel Performance, Female",1
1986,"Best Gospel Performance, Male",1
1986,Best Historical Album,1
1986,Best Instrumental Arrangement Accompanying Vocals,1
1986,Best Instrumental Composition,1
1986,"Best Jazz Fusion Performance, Vocal Or Instrumental",1
1986,"Best Jazz Instrumental Performance, Big Band",1
1986,"Best Jazz Instrumental Performance, Group",1
1986,"Best Jazz Instrumental Performance, Soloist",1
1986,"Best Jazz Vocal Performance, Duo Or Group",1
1986,"Best Jazz Vocal Performance, Female",1
1986,"Best Jazz Vocal Performance, Male",1
1986,Best Latin Pop Performance,1
1986,Best Mexican-American Performance,1
1986,"Best Music Video, Long Form",1
1986,"Best Music Video, Short Form",1
1986,Best Musical Cast Show Album,1
1986,Best New Age Recording,1
1986,Best New Artist,1
1986,Best Opera Recording,1
1986,Best Polka Recording,2
1986,"Best Pop Instrumental Performance, (Orchestra, Group Or Soloist)",1
1986,Best Pop Performance By A Duo Or Group With Vocal,1
1986,"Best Pop Vocal Performance, Female",1
1986,"Best Pop Vocal Performance, Male",1
1986,"Best R&B Instrumental Performance (Orchestra, Group Or Soloist)",1
1986,Best R&B Performance By A Duo Or Group With Vocal,1
1986,"Best R&B Vocal Performance, Female",1
1986,"Best R&B Vocal Performance, Male",1
1986,Best Recording For Children,1
1986,Best Reggae Recording,1
1986,Best Rhythm & Blues Song,1
1986,"Best Rock Instrumental Performance (Orchestra, Group Or Soloist)",1
1986,Best Rock Performance By A Duo Or Group With Vocal,1
1986,"Best Rock Vocal Performance, Female",1
1986,"Best Rock Vocal Performance, Male",1
1986,"Best Soul Gospel Performance By A Duo, Group, Choir Or Chorus",1
1986,"Best Soul Gospel Performance, Female",1
1986,"Best Soul Gospel Performance, Male",1
1986,Best Spoken Word Or Non-Musical Recording,1
1986,Best Traditional Blues Recording,1
1986,Best Traditional Folk Recording,1
1986,Best Tropical Latin Performance,1
1986,Classical Producer Of The Year,1
1986,Producer Of The Year (Non-Classical),1
1986,Record Of The Year,1
1986,Song Of The Year,1
1987,Album Of The Year,1
1987,Best Album Notes,1
1987,Best Album Or Original Instrumental Background Score Written For A Motion Picture Or Television,1
1987,Best Album Package,1
1987,Best Arrangement On An Instrumental,1
1987,Best Chamber Music Performance,1
1987,Best Choral Performance (Other Than Opera),1
1987,Best Classical Album,1
1987,Best Classical Performance - Instrumental Soloist(s) (With Orchestra),1
1987,Best Classical Performance - Instrumental Soloist(s) (Without Orchestra),1
1987,Best Classical Vocal Soloist Performance,1
1987,Best Comedy Recording,1
1987,Best Concept Music Video,1
1987,Best Contemporary Blues Recording,1
1987,Best Contemporary Composition,1
1987,Best Contemporary Folk Recording,1
1987,"Best Country Instrumental Performance (Orchestra, Group Or Soloist)",1
1987,Best Country Performance By A Duo Or Group With Vocal,1
1987,Best Country Song,1
1987,"Best Country Vocal Performance, Duet",1
1987,"Best Country Vocal Performance, Female",1
1987,"Best Country Vocal Performance, Male",1
1987,Best Engineered Recording - Classical,1
1987,Best Engineered Recording - Non-Classical,1
1987,"Best Gospel Performance By A Duo Or Group, Choir Or Chorus",1
1987,"Best Gospel Performance, Female",1
1987,"Best Gospel Performance, Male",1
1987,Best Historical Album,1
1987,Best Instrumental Arrangement Accompanying Vocal(s),1
1987,Best Instrumental Composition,1
1987,"Best Jazz Fusion Performance, Vocal Or Instrumental",1
1987,"Best Jazz Instrumental Performance, Big Band",1
1987,"Best Jazz Instrumental Performance, Group",1
1987,"Best Jazz Instrumental Performance, Soloist",1
1987,"Best Jazz Vocal Performance, Female",1
1987,"Best Jazz Vocal Performance, Male",1
1987,Best Latin Pop Performance,1
1987,Best Mexican-American Performance,1
1987,Best Musical Cast Show Album,1
1987,Best New Age Performance,1
1987,Best New Artist,1
1987,Best Opera Recording,1
1987,Best Orchestral Recording,1
1987,Best Performance Music Video,1
1987,Best Polka Recording,1
1987,"Best Pop Instrumental Performance (Orchestra, Group Or Soloist)",1
1987,Best Pop Performance By A Duo Or Group With Vocal,1
1987,"Best Pop Vocal Performance, Female",1
1987,"Best Pop Vocal Performance, Male",1
1987,"Best R&B Instrumental Performance (Orchestra, Group Or Soloist)",1
1987,Best R&B Performance By A Duo Or Group With Vocal,1
1987,"Best R&B Vocal Performance, Female",1
1987,"Best R&B Vocal Performance, Male",1
1987,Best Recording For Children,1
1987,Best Reggae Recording,1
1987,Best Rhythm & Blues Song,1
1987,"Best Rock Instrumental Performance (Orchestra, Group Or Soloist)",1
1987,Best Rock Performance By A Duo Or Group With Vocal,1
1987,"Best Rock Vocal Performance, Solo",1
1987,Best Song Written Specifically For A Motion Picture Or Television,1
1987,"Best Soul Gospel Performance By A Duo, Group, Choir Or Chorus",1
1987,"Best Soul Gospel Performance, Female",1
1987,"Best Soul Gospel Performance, Male",1
1987,Best Spoken Word Or Non-Musical Recording,1
1987,Best Traditional Blues Recording,1
1987,Best Traditional Folk Recording,1
1987,Best Tropical Latin Performance,1
1987,Classical Producer Of The Year,1
1987,"Producer Of The Year, (Non Classical)",1
1987,Record Of The Year,1
1987,Song Of The Year,1
1988,Album Of The Year,1
1988,Best Album Notes,1
1988,Best Album Of Original Instrumental Background Score Written For A Motion Picture Or Television,1
1988,Best Album Package,1
1988,Best Arrangement On An Instrumental,1
1988,Best Bluegrass Recording (Vocal Or Instrumental),1
1988,Best Chamber Music Performance,1
1988,Best Choral Performance (Other Than Opera),1
1988,Best Classical Album,1
1988,Best Classical Performance - Instrumental Soloist(s) (With Orchestra),1
1988,Best Classical Performance - Instrumental Soloist(s) (Without Orchestra),1
1988,Best Classical Vocal Soloist Performance,1
1988,Best Comedy Recording,1
1988,Best Concept Music Video,1
1988,Best Contemporary Blues Recording,1
1988,Best Contemporary Composition,1
1988,Best Contemporary Folk Recording,1
1988,"Best Country Instrumental Performance (Orchestra, Group Or Soloist)",1
1988,Best Country Performance By A Duo Or Group With Vocal,1
1988,Best Country Song,1
1988,Best Country Vocal Collaboration,1
1988,"Best Country Vocal Performance, Female",1
1988,"Best Country Vocal Performance, Male",1
1988,Best Engineered Recording - Non-Classical,1
1988,"Best Engineered Recording, Classical",1
1988,"Best Gospel Performance By A Duo Or Group, Choir Or Chorus",1
1988,"Best Gospel Performance, Female",1
1988,"Best Gospel Performance, Male",1
1988,Best Hard Rock/Metal Performance Vocal Or Instrumental,1
1988,Best Historical Album,1
1988,Best Instrumental Arrangement Accompanying Vocal(s),1
1988,Best Instrumental Composition,1
1988,Best Jazz Fusion Performance,1
1988,Best Jazz Instrumental Performance Soloist (On A Jazz Recording),1
1988,"Best Jazz Instrumental Performance, Big Band",1
1988,"Best Jazz Instrumental Performance, Group",1
1988,"Best Jazz Vocal Performance, Duo Or Group",1
1988,"Best Jazz Vocal Performance, Female",1
1988,"Best Jazz Vocal Performance, Male",1
1988,Best Latin Pop Performance,1
1988,Best Mexican-American Performance,1
1988,Best Musical Cast Show Album,1
1988,Best New Age Performance,1
1988,Best New Artist,1
1988,Best Opera Recording,1
1988,Best Orchestral Recording,1
1988,Best Performance Music Video,1
1988,Best Polka Recording,1
1988,"Best Pop Instrumental Performance (Orchestra, Group Or Soloist)",1
1988,Best Pop Performance By A Duo Or Group With Vocal,1
1988,"Best Pop Vocal Performance, Female",1
1988,"Best Pop Vocal Performance, Male",1
1988,"Best R&B Instrumental Performance (Orchestra, Group Or Soloist)",1
1988,Best R&B Performance By A Duo Or Group With Vocal,1
1988,"Best R&B Vocal Performance, Female",1
1988,"Best R&B Vocal Performance, Male",1
1988,Best Rap Performance,1
1988,Best Recording For Children,1
1988,Best Reggae Recording,1
1988,Best Rhythm & Blues Song,1
1988,"Best Rock Instrumental Performance (Orchestra, Group Or Soloist)",1
1988,Best Rock Performance By A Duo Or Group With Vocal,1
1988,"Best Rock Vocal Performance, Female",1
1988,"Best Rock Vocal Performance, Male",1
1988,Best Song Written Specifically For A Motion Picture Or Television,1
1988,"Best Soul Gospel Performance By A Duo, Group, Choir Or Chorus",1
1988,"Best Soul Gospel Performance, Female",1
1988,"Best Soul Gospel Performance, Male",1
1988,Best Spoken Word Or Non-Musical Recording,1
1988,Best Traditional Blues Recording,1
1988,Best Traditional Folk Recording,1
1988,Best Tropical Latin Performance,1
1988,Classical Producer Of The Year,1
1988,Producer Of The Year (Non-Classical),1
1988,Record Of The Year,1
1988,Song Of The Year,1
1989,Album Of The Year,1
1989,Best Album Notes,1
1989,Best Album Of Original Instrumental Background Score Written For A Motion Picture Or Television,1
1989,Best Album Package,1
1989,Best Arrangement On An Instrumental,1
1989,Best Bluegrass Recording,1
1989,Best Chamber Music Performance,1
1989,Best Choral Performance (Other Than Opera),1
1989,Best Classical Album,1
1989,Best Classical Performance - Instrumental Soloist (Without Orchestra),1
1989,"Best Classical Performance, Instrumental Soloist (With Orchestra)",1
1989,Best Classical Vocal Soloist Performance,1
1989,Best Comedy Recording,1
1989,Best Contemporary Blues Recording,1
1989,Best Contemporary Composition,1
1989,Best Contemporary Folk Recording,1
1989,Best Country Instrumental Performance,1
1989,Best Country Performance By A Duo Or Group With Vocal,1
1989,Best Country Song,1
1989,Best Country Vocal Collaboration,1
1989,"Best Country Vocal Performance, Female",1
1989,"Best Country Vocal Performance, Male",1
1989,Best Engineered Recording - Classical,1
1989,Best Engineered Recording - Non-Classical,1
1989,"Best Gospel Vocal Performance By A Duo, Group, Choir Or Chorus",1
1989,"Best Gospel Vocal Performance, Female",1
1989,"Best Gospel Vocal Performance, Male",1
1989,Best Hard Rock Performance,1
1989,Best Historical Album,1
1989,Best Instrumental Arrangement Accompanying Vocals,1
1989,Best Instrumental Composition,1
1989,Best Jazz Fusion Performance,1
1989,"Best Jazz Instrumental Performance, Big Band",1
1989,"Best Jazz Instrumental Performance, Group",1
1989,"Best Jazz Instrumental Performance, Soloist (On A Jazz Recording)",1
1989,"Best Jazz Vocal Performance, Duo Or Group",1
1989,"Best Jazz Vocal Performance, Female",1
1989,"Best Jazz Vocal Performance, Male",1
1989,Best Latin Pop Performance,1
1989,Best Metal Performance,1
1989,Best Mexican-American Performance,1
1989,Best Music Video - Long Form,1
1989,Best Music Video - Short Form,1
1989,Best Musical Cast Show Album,1
1989,Best New Age Performance,1
1989,Best Opera Recording,1
1989,Best Orchestral Performance,1
1989,Best Polka Recording,1
1989,Best Pop Instrumental Performance,1
1989,Best Pop Performance By A Duo Or Group With Vocal,1
1989,"Best Pop Vocal Performance, Female",1
1989,"Best Pop Vocal Performance, Male",1
1989,Best R&B Instrumental Performance,1
1989,Best R&B Performance By A Duo Or Group With Vocal,1
1989,"Best R&B Vocal Performance, Female",1
1989,"Best R&B Vocal Performance, Male",1
1989,Best Rap Performance,1
1989,Best Recording For Children,1
1989,Best Reggae Recording,1
1989,Best Rhythm & Blues Song,1
1989,Best Rock Instrumental Performance,1
1989,Best Rock Performance By A Duo Or Group With Vocal,1
1989,"Best Rock Vocal Performance, Female",1
1989,"Best Rock Vocal Performance, Male",1
1989,Best Song Written Specifically For A Motion Picture Or Television,1
1989,"Best Soul Gospel Vocal Performance Duo, Group, Choir Or Chorus",1
1989,"Best Soul Gospel Vocal Performance, Male Or Female",1
1989,Best Spoken Word Or Non-Musical Recording,1
1989,Best Traditional Blues Recording,1
1989,Best Traditional Folk Recording,1
1989,Best Tropical Latin Performance,1
1989,Classical Producer Of The Year,1
1989,Producer Of The Year,1
1989,Record Of The Year,1
1989,Song Of The Year,1
1990,Album Of The Year,1
1990,Best Album Notes,1
1990,Best Album Package,1
1990,Best Alternative Music Performance,1
1990,Best Arrangement On An Instrumental,1
1990,Best Bluegrass Recording,1
1990,Best Chamber Music Or Other Small Ensemble Performance,1
1990,Best Choral Performance (Other Than Opera),1
1990,Best Classical Album,1
1990,"Best Classical Performance, Instrumental Soloist (With Orchestra)",1
1990,"Best Classical Performance, Instrumental Soloist (Without Orchestra)",1
1990,Best Classical Vocal Performance,1
1990,Best Comedy Recording,1
1990,Best Contemporary Blues Recording,1
1990,Best Contemporary Composition,1
1990,Best Contemporary Folk Recording,1
1990,Best Contemporary Soul Gospel Album,1
1990,Best Country Instrumental Performance,1
1990,Best Country Performance By A Duo Or Group With Vocal,1
1990,Best Country Song,1
1990,Best Country Vocal Collaboration,1
1990,"Best Country Vocal Performance, Female",1
1990,"Best Country Vocal Performance, Male",1
1990,Best Engineered Recording - Classical,1
1990,Best Engineered Recording - Non-Classical,1
1990,Best Gospel Album By A Choir Or Chorus,1
1990,Best Hard Rock Performance,1
1990,Best Historical Album,1
1990,Best Instrumental Arrangement Accompanying Vocal(s),1
1990,Best Instrumental Composition,1
1990,Best Instrumental Composition Written For A Motion Picture Or For Television,1
1990,Best Jazz Fusion Performance,1
1990,"Best Jazz Instrumental Performance, Big Band",1
1990,"Best Jazz Instrumental Performance, Group",1
1990,"Best Jazz Instrumental Performance, Soloist",1
1990,"Best Jazz Vocal Performance, Female",1
1990,"Best Jazz Vocal Performance, Male",1
1990,Best Latin Pop Performance,1
1990,Best Metal Performance,1
1990,Best Mexican-American Performance,1
1990,Best Music Video - Long Form,1
1990,Best Music Video - Short Form,1
1990,Best Musical Cast Show Album,1
1990,Best New Age Performance,1
1990,Best New Artist,1
1990,Best Opera Recording,1
1990,Best Orchestral Performance,1
1990,Best Polka Recording,1
1990,Best Pop Gospel Album,1
1990,Best Pop Instrumental Performance,1
1990,Best Pop Performance By A Duo Or Group With Vocal,1
1990,"Best Pop Vocal Performance, Female",1
1990,"Best Pop Vocal Performance, Male",1
1990,Best R&B Performance By A Duo Or Group With Vocal,1
1990,"Best R&B Vocal Performance, Female",1
1990,"Best R&B Vocal Performance, Male",1
1990,Best Rap Performance By A Duo Or Group,1
1990,Best Rap Solo Performance,1
1990,Best Recording For Children,1
1990,Best Reggae Recording,1
1990,Best Rhythm & Blues Song,1
1990,Best Rock Instrumental Performance,1
1990,Best Rock Performance By A Duo Or Group With Vocal,1
1990,"Best Rock Vocal Performance, Female",1
1990,"Best Rock Vocal Performance, Male",1
1990,Best Rock/Contemporary Gospel Album,1
1990,Best Song Written Specifically For A Motion Picture Or For Television,1
1990,Best Southern Gospel Album,1
1990,Best Spoken Word Or Non-Musical Recording,1
1990,Best Traditional Blues Recording,1
1990,Best Traditional Folk Recording,1
1990,Best Traditional Soul Gospel Performance,1
1990,Best Tropical Latin Performance,1
1990,Classical Producer Of The Year,1
1990,Producer Of The Year (Non-Classical),1
1990,Record Of The Year,1
1990,Song Of The Year,1
1991,Album Of The Year,1
1991,Best Album For Children,1
1991,Best Album Notes,1
1991,Best Album Package,1
1991,Best Alternative Music Album,1
1991,Best Arrangement On An Instrumental,1
1991,Best Bluegrass Album,1
1991,Best Chamber Music Performance,1
1991,Best Classical Album,1
1991,Best Classical Performance Instrumental Solo Without Orchestra,1
1991,Best Classical Vocal Soloist,1
1991,Best Comedy Album,1
1991,Best Contemporary Blues Album,1
1991,Best Contemporary Composition,1
1991,Best Contemporary Folk Album,1
1991,Best Contemporary Jazz Performance,1
1991,Best Contemporary Soul Gospel Album,1
1991,Best Country Instrumental Performance,1
1991,Best Country Performance By A Duo Or Group With Vocal,1
1991,Best Country Song,1
1991,Best Country Vocal Collaboration,1
1991,"Best Country Vocal Performance, Female",1
1991,"Best Country Vocal Performance, Male",1
1991,Best Engineered Album - Non-Classical,1
1991,"Best Engineered Recording, Classical",1
1991,Best Gospel Album By Choir Or Chorus,1
1991,Best Hard Rock Performance With Vocal,1
1991,Best Historical Album,1
1991,Best Instrumental Arrangement Accompanying Vocal(s),1
1991,Best Instrumental Composition,1
1991,Best Instrumental Composition Written For A Motion Picture Or For Television,1
1991,Best Instrumental Soloist With Orchestra,1
1991,"Best Jazz Instrumental Performance, Group",1
1991,Best Jazz Instrumental Solo,1
1991,Best Jazz Vocal Performance,1
1991,Best Large Jazz Ensemble Performance,1
1991,Best Latin Pop Album,1
1991,Best Metal Performance,1
1991,Best Mexican-American Album,1
1991,Best Music Video - Short Form,1
1991,"Best Music Video, Long Form",1
1991,Best Musical Show Album,1
1991,Best New Age Album,1
1991,Best New Artist,1
1991,Best Opera Recording,1
1991,Best Orchestral Performance,1
1991,Best Performance Of A Choral Work,1
1991,Best Polka Album,1
1991,Best Pop Gospel Album,1
1991,Best Pop Instrumental Performance,1
1991,Best Pop Performance By A Duo Or Group With Vocal,1
1991,"Best Pop Vocal Performance, Female",1
1991,"Best Pop Vocal Performance, Male",1
1991,Best R&B Performance By A Duo Or Group With Vocal,1
1991,"Best R&B Vocal Performance, Female",2
1991,"Best R&B Vocal Performance, Male",1
1991,Best Rap Performance By A Duo Or Group,1
1991,Best Rap Solo Performance,1
1991,Best Reggae Album,1
1991,Best Rhythm & Blues Song,1
1991,Best Rock Instrumental Performance,1
1991,Best Rock Performance By A Duo Or Group With Vocal,1
1991,Best Rock Song,1
1991,"Best Rock Vocal Performance, Solo",1
1991,Best Rock/Contemporary Gospel Album,1
1991,Best Song Written Specifically For A Motion Picture Or For Television,1
1991,Best Southern Gospel Album,1
1991,Best Spoken Word Or Non-Musical Album,1
1991,Best Traditional Blues Album,1
1991,Best Traditional Folk Album,1
1991,Best Traditional Pop Performance,1
1991,Best Traditional Soul Gospel Album,1
1991,Best Tropical Latin Album,1
1991,Best World Music Album,1
1991,Classical Producer Of The Year,1
1991,Producer Of The Year (Non Classical),1
1991,Record Of The Year,1
1991,Song Of The Year,1
1992,Album Of The Year,1
1992,Best Album For Children,1
1992,Best Album Notes,1
1992,Best Album Package,1
1992,Best Alternative Music Album,1
1992,Best Arrangement On An Instrumental,1
1992,Best Bluegrass Album,1
1992,Best Chamber Music Performance,1
1992,Best Classical Album,1
1992,Best Classical Performance - Instrumental Solo With Orchestra,1
1992,Best Classical Performance - Instrumental Solo Without Orchestra,1
1992,Best Classical Vocal Performance,1
1992,Best Comedy Album,1
1992,Best Contemporary Blues Album,1
1992,Best Contemporary Composition,1
1992,Best Contemporary Folk Album,1
1992,Best Contemporary Jazz Performance (Instrumental),1
1992,Best Contemporary Soul Gospel Album,1
1992,Best Country Instrumental Performance,1
1992,Best Country Performance By A Duo Or Group With Vocal,1
1992,Best Country Song,1
1992,Best Country Vocal Collaboration,1
1992,"Best Country Vocal Performance, Female",1
1992,"Best Country Vocal Performance, Male",1
1992,Best Engineered Album - Non-Classical,1
1992,"Best Engineered Recording, Classical",1
1992,Best Gospel Album By A Choir Or Chorus,1
1992,Best Hard Rock Performance With Vocal,1
1992,Best Historical Album,1
1992,Best Instrumental Arrangement Accompanying Vocal(s),1
1992,Best Instrumental Composition,1
1992,Best Instrumental Composition Written For A Motion Picture Or For Television,1
1992,"Best Jazz Instrumental Performance, Individual Or Group",1
1992,Best Jazz Instrumental Solo,1
1992,Best Jazz Vocal Performance,1
1992,Best Large Jazz Ensemble Performance,1
1992,Best Latin Pop Album,1
1992,Best Metal Performance,1
1992,Best Mexican-American Album,1
1992,Best Music Video - Long Form,1
1992,Best Music Video - Short Form,1
1992,Best Musical Show Album,1
1992,Best New Age Album,1
1992,Best New Artist,1
1992,Best Opera Recording,1
1992,Best Orchestral Performance,1
1992,Best Performance Of A Choral Work,1
1992,Best Polka Album,1
1992,Best Pop Gospel Album,1
1992,Best Pop Instrumental Performance,1
1992,Best Pop Performance By A Duo Or Group With Vocal,1
1992,"Best Pop Vocal Performance, Female",1
1992,"Best Pop Vocal Performance, Male",1
1992,Best R&B Instrumental Performance,1
1992,Best R&B Performance By A Duo Or Group With Vocal,1
1992,"Best R&B Vocal Performance, Female",1
1992,"Best R&B Vocal Performance, Male",1
1992,Best Rap Performance By A Duo Or Group,1
1992,Best Rap Solo Performance,1
1992,Best Reggae Album,1
1992,Best Rhythm & Blues Song,1
1992,Best Rock Instrumental Performance,1
1992,Best Rock Performance By A Duo Or Group With Vocal,1
1992,Best Rock Song,1
1992,"Best Rock Vocal Performance, Female",1
1992,"Best Rock Vocal Performance, Male",1
1992,Best Rock/Contemporary Gospel Album,1
1992,Best Song Written Specifically For A Motion Picture Or For Television,1
1992,Best Southern Gospel Album,1
1992,Best Spoken Word Or Non-Musical Album,1
1992,Best Traditional Blues Album,1
1992,Best Traditional Folk Album,1
1992,Best Traditional Pop Vocal Performance,1
1992,Best Traditional Soul Gospel Album,1
1992,Best Tropical Latin Album,1
1992,Best World Music Album,1
1992,Classical Producer Of The Year,1
1992,Producer Of The Year (Non-Classical),2
1992,Record Of The Year,1
1992,Song Of The Year,1
1993,Album Of The Year,1
1993,Best Album Notes,1
1993,Best Alternative Music Album,1
1993,Best Arrangement On An Instrumental,1
1993,Best Bluegrass Album,1
1993,Best Chamber Music Performance,1
1993,Best Classical Album,1
1993,Best Classical Performance-Instrumental Soloist (Without Orchestra),1
1993,Best Classical Performance-Instrumental Soloist(s) (With Orchestra),1
1993,Best Classical Vocal Performance,1
1993,Best Contemporary Blues Album,1
1993,Best Contemporary Composition,1
1993,Best Contemporary Folk Album,1
1993,Best Contemporary Jazz Performance (Instrumental),1
1993,Best Contemporary Soul Gospel Album,1
1993,Best Country Instrumental Performance,1
1993,Best Country Performance By A Duo Or Group With Vocal,1
1993,Best Country Song,1
1993,Best Country Vocal Collaboration,1
1993,"Best Country Vocal Performance, Female",1
1993,"Best Country Vocal Performance, Male",1
1993,Best Engineered Album - Non-Classical,1
1993,"Best Engineered Recording, Classical",1
1993,Best Gospel Album By A Choir Or Chorus,1
1993,Best Hard Rock Performance With Vocal,1
1993,Best Historical Album,1
1993,Best Instrumental Arrangement Accompanying Vocal(s),1
1993,Best Instrumental Composition,1
1993,Best Instrumental Composition Written For A Motion Picture Or For Television,1
1993,"Best Jazz Instrumental Performance, Individual Or Group",1
1993,Best Jazz Instrumental Solo,1
1993,Best Jazz Vocal Performance,1
1993,Best Large Jazz Ensemble Performance,1
1993,Best Latin Pop Album,1
1993,Best Metal Performance With Vocal,1
1993,Best Mexican-American Album,1
1993,Best Music Video - Short Form,1
1993,Best Music Video-Long Form,1
1993,Best Musical Album For Children,1
1993,Best Musical Show Album,1
1993,Best New Age Album,1
1993,Best New Artist,1
1993,Best Opera Recording,1
1993,Best Orchestral Performance,1
1993,Best Performance Of A Choral Work,1
1993,Best Polka Album,1
1993,Best Pop Instrumental Performance,1
1993,Best Pop Performance By A Duo Or Group With Vocal,1
1993,"Best Pop Vocal Performance, Female",1
1993,"Best Pop Vocal Performance, Male",1
1993,Best Pop/Contemporary Gospel Album,1
1993,Best R&B Performance By A Duo Or Group With Vocal,1
1993,"Best R&B Vocal Performance, Female",1
1993,"Best R&B Vocal Performance, Male",1
1993,Best Rap Performance By A Duo Or Group,1
1993,Best Rap Solo Performance,1
1993,Best Recording Package,1
1993,Best Reggae Album,1
1993,Best Rhythm & Blues Song,1
1993,Best Rock Gospel Album,1
1993,Best Rock Instrumental Performance,1
1993,Best Rock Performance By A Duo Or Group With Vocal,1
1993,Best Rock Song,1
1993,"Best Rock Vocal Performance, Solo",1
1993,Best Song Written Specifically For A Motion Picture Or For Television,1
1993,"Best Southern Gospel, Country Gospel Or Bluegrass Gospel Album",1
1993,Best Spoken Comedy Album,1
1993,Best Spoken Word Album For Children,1
1993,Best Spoken Word Or Non-Musical Album,1
1993,Best Traditional Blues Album,1
1993,Best Traditional Folk Album,1
1993,Best Traditional Pop Vocal Performance,1
1993,Best Traditional Soul Gospel Album,1
1993,Best Tropical Latin Album,1
1993,Best World Music Album,1
1993,Classical Producer Of The Year,1
1993,Producer Of The Year,1
1993,Record Of The Year,1
1993,Song Of The Year,1
1994,Album Of The Year,1
1994,Best Album Notes,1
1994,Best Alternative Music Performance,1
1994,Best Bluegrass Album,1
1994,Best Chamber Music Performance,1
1994,Best Choral Performance,1
1994,Best Classical Album,1
1994,Best Classical Contemporary Composition,1
1994,Best Classical Engineered Recording,1
1994,Best Classical Vocal Performance,1
1994,Best Contemporary Blues Album,1
1994,Best Contemporary Folk Album,1
1994,Best Contemporary Jazz Performance,1
1994,Best Contemporary Soul Gospel Album,1
1994,Best Country Album,1
1994,Best Country Instrumental Performance,1
1994,Best Country Performance By A Duo Or Group With Vocal,1
1994,Best Country Song,1
1994,Best Country Vocal Collaboration,1
1994,Best Engineered Album - Non-Classical,1
1994,Best Female Country Vocal Performance,1
1994,Best Female Pop Vocal Performance,1
1994,Best Female R&B Vocal Performance,1
1994,Best Female Rock Vocal Performance,1
1994,Best Gospel Album By A Choir Or Chorus,2
1994,Best Hard Rock Performance,1
1994,Best Historical Album,1
1994,Best Instrumental Arrangement,1
1994,Best Instrumental Arrangement With Accompanying Vocals,1
1994,Best Instrumental Composition,1
1994,Best Instrumental Composition Written For A Motion Picture Or For Television,1
1994,Best Instrumental Soloist Performance (With Orchestra),1
1994,Best Instrumental Soloist Performance Without Orchestra,1
1994,"Best Jazz Instrumental Performance, Individual Or Group",1
1994,Best Jazz Instrumental Solo,1
1994,Best Jazz Vocal Performance,1
1994,Best Large Jazz Ensemble Performance,1
1994,Best Latin Jazz Performance,1
1994,Best Latin Pop Performance,1
1994,Best Male Country Vocal Performance,1
1994,Best Male Pop Vocal Performance,1
1994,Best Male R&B Vocal Performance,1
1994,Best Male Rock Vocal Performance,1
1994,Best Metal Performance,1
1994,Best Mexican-American Performance,1
1994,"Best Music Video, Long Form",1
1994,"Best Music Video, Short Form",1
1994,Best Musical Album For Children,1
1994,Best Musical Show Album,1
1994,Best New Age Album,1
1994,Best New Artist,1
1994,Best Opera Recording,1
1994,Best Orchestral Performance,1
1994,Best Polka Album,1
1994,Best Pop Album,1
1994,Best Pop Instrumental Performance,1
1994,Best Pop Performance By A Duo Or Group With Vocal,1
1994,Best Pop Vocal Collaboration,1
1994,Best Pop/Contemporary Gospel Album,1
1994,Best R&B Album,1
1994,Best R&B Performance By A Duo Or Group With Vocal,1
1994,Best Rap Performance By A Duo Or Group,1
1994,Best Rap Solo Performance,1
1994,Best Recording Package,1
1994,Best Recording Package - Boxed,1
1994,Best Reggae Album,1
1994,Best Rhythm & Blues Song,1
1994,Best Rock Album,1
1994,Best Rock Gospel Album,1
1994,Best Rock Instrumental Performance,1
1994,Best Rock Performance By A Duo Or Group With Vocal,1
1994,Best Rock Song,1
1994,Best Song Written Specifically For A Motion Picture Or For Television,1
1994,"Best Southern Gospel, Country Gospel Or Bluegrass Gospel Album",1
1994,Best Spoken Comedy Album,1
1994,Best Spoken Word Album For Children,1
1994,Best Spoken Word Or Non-Musical Album,1
1994,Best Traditional Blues Album,1
1994,Best Traditional Folk Album,1
1994,Best Traditional Pop Vocal Performance,1
1994,Best Traditional Soul Gospel Album,1
1994,Best Tropical Latin Performance,1
1994,Best World Music Album,1
1994,Classical Producer Of The Year,1
1994,Producer Of The Year,1
1994,Record Of The Year,1
1994,Song Of The Year,1
1995,Album Of The Year,1
1995,Best Album Notes,1
1995,Best Alternative Music Performance,1
1995,Best Bluegrass Album,1
1995,Best Chamber Music Performance,1
1995,Best Choral Performance,1
1995,Best Classical Album,1
1995,Best Classical Contemporary Composition,1
1995,Best Classical Engineered Recording,1
1995,Best Classical Vocal Performance,1
1995,Best Contemporary Blues Album,1
1995,Best Contemporary Folk Album,1
1995,Best Contemporary Jazz Performance,1
1995,Best Contemporary Soul Gospel Album,1
1995,Best Country Album,1
1995,Best Country Collaboration With Vocals,1
1995,Best Country Instrumental Performance,1
1995,Best Country Performance By A Duo Or Group With Vocal,1
1995,Best Country Song,1
1995,Best Engineered Album - Non-Classical,1
1995,Best Female Country Vocal Performance,1
1995,Best Female Pop Vocal Performance,1
1995,Best Female R&B Vocal Performance,1
1995,Best Female Rock Vocal Performance,1
1995,Best Gospel Album By A Choir Or Chorus,1
1995,Best Hard Rock Performance,1
1995,Best Historical Album,1
1995,Best Instrumental Arrangement,1
1995,Best Instrumental Arrangement With Accompanying Vocal(s),1
1995,Best Instrumental Composition,1
1995,Best Instrumental Composition Written For A Motion Picture Or For Television,1
1995,Best Instrumental Soloist Performance (Without Orchestra),1
1995,Best Instrumental Soloist(s) Performance (With Orchestra),1
1995,"Best Jazz Instrumental Performance, Individual Or Group",1
1995,Best Jazz Instrumental Solo,1
1995,Best Jazz Vocal Performance,1
1995,Best Large Jazz Ensemble Performance,1
1995,Best Latin Jazz Performance,1
1995,Best Latin Pop Performance,1
1995,Best Male Country Vocal Performance,1
1995,Best Male Pop Vocal Performance,1
1995,Best Male R&B Vocal Performance,1
1995,Best Male Rock Vocal Performance,1
1995,Best Metal Performance,1
1995,Best Mexican-American/Tejano Music Performance,1
1995,"Best Music Video, Long Form",1
1995,"Best Music Video, Short Form",1
1995,Best Musical Album For Children,1
1995,Best Musical Show Album,1
1995,Best New Age Album,1
1995,Best New Artist,1
1995,Best Opera Recording,1
1995,Best Orchestral Performance,1
1995,Best Polka Album,1
1995,Best Pop Album,1
1995,Best Pop Collaboration With Vocals,1
1995,Best Pop Instrumental Performance,1
1995,Best Pop Performance By A Duo Or Group With Vocal,1
1995,Best Pop/Contemporary Gospel Album,1
1995,Best R&B Album,1
1995,Best R&B Performance By A Duo Or Group With Vocal,1
1995,Best Rap Album,1
1995,Best Rap Performance By A Duo Or Group,1
1995,Best Rap Solo Performance,1
1995,Best Recording Package,1
1995,Best Recording Package - Boxed,1
1995,Best Reggae Album,1
1995,Best Rhythm & Blues Song,1
1995,Best Rock Album,1
1995,Best Rock Gospel Album,1
1995,Best Rock Instrumental Performance,1
1995,Best Rock Performance By A Duo Or Group With Vocal,1
1995,Best Rock Song,1
1995,Best Song Written Specifically For A Motion Picture Or For Television,1
1995,"Best Southern Gospel, Country Gospel Or Bluegrass Gospel Album",1
1995,Best Spoken Comedy Album,1
1995,Best Spoken Word Album For Children,1
1995,Best Spoken Word Or Non-Musical Album,1
1995,Best Traditional Blues Album,1
1995,Best Traditional Folk Album,1
1995,Best Traditional Pop Vocal Performance,1
1995,Best Traditional Soul Gospel Album,1
1995,Best Tropical Latin Performance,1
1995,Best World Music Album,1
1995,Classical Producer Of The Year,1
1995,Producer Of The Year,1
1995,Record Of The Year,1
1995,Song Of The Year,1
1996,Album Of The Year,1
1996,Best Album Notes,1
1996,Best Alternative Music Performance,1
1996,Best Bluegrass Album,1
1996,Best Chamber Music Performance,1
1996,Best Choral Performance,1
1996,Best Classical Album,1
1996,Best Classical Contemporary Composition,1
1996,Best Classical Engineered Recording,1
1996,Best Classical Vocal Performance,1
1996,Best Contemporary Blues Album,1
1996,Best Contemporary Folk Album,1
1996,Best Contemporary Jazz Performance,1
1996,Best Contemporary Soul Gospel Album,1
1996,Best Country Album,1
1996,Best Country Collaboration With Vocals,1
1996,Best Country Instrumental Performance,1
1996,Best Country Song,1
1996,Best Country Vocal Performance By A Duo Or Group,1
1996,Best Engineered Album - Non-Classical,1
1996,Best Female Country Vocal Performance,1
1996,Best Female Pop Vocal Performance,1
1996,Best Female R&B Vocal Performance,1
1996,Best Female Rock Vocal Performance,1
1996,Best Gospel Album By A Choir Or Chorus,1
1996,Best Hard Rock Performance,1
1996,Best Historical Album,1
1996,Best Instrumental Arrangement,1
1996,Best Instrumental Arrangement With Accompanying Vocal(s),1
1996,Best Instrumental Composition,1
1996,Best Instrumental Composition Written For A Motion Picture Or For Television,1
1996,Best Instrumental Soloist Performance (Without Orchestra),1
1996,Best Instrumental Soloist(s) Performance (With Orchestra),1
1996,"Best Jazz Instrumental Performance, Individual Or Group",1
1996,Best Jazz Instrumental Solo,1
1996,Best Jazz Vocal Performance,1
1996,Best Large Jazz Ensemble Performance,1
1996,Best Latin Jazz Performance,1
1996,Best Latin Pop Performance,1
1996,Best Male Country Vocal Performance,1
1996,Best Male Pop Vocal Performance,1
1996,Best Male R&B Vocal Performance,1
1996,Best Male Rock Vocal Performance,1
1996,Best Metal Performance,1
1996,Best Mexican-American/Tejano Music Performance,1
1996,"Best Music Video, Long Form",1
1996,"Best Music Video, Short Form",1
1996,Best Musical Album For Children,1
1996,Best Musical Show Album,1
1996,Best New Age Album,1
1996,Best New Artist,1
1996,Best Opera Recording,1
1996,Best Orchestral Performance,1
1996,Best Polka Album,1
1996,Best Pop Album,1
1996,Best Pop Collaboration With Vocals,1
1996,Best Pop Instrumental Performance,1
1996,Best Pop Performance By A Duo Or Group With Vocal,1
1996,Best Pop/Contemporary Gospel Album,1
1996,Best R&B Album,1
1996,Best R&B Performance By A Duo Or Group With Vocal,1
1996,Best Rap Album,1
1996,Best Rap Performance By A Duo Or Group,1
1996,Best Rap Solo Performance,1
1996,Best Recording Package,1
1996,Best Recording Package - Boxed,1
1996,Best Reggae Album,1
1996,Best Rhythm & Blues Song,1
1996,Best Rock Album,1
1996,Best Rock Gospel Album,1
1996,Best Rock Instrumental Performance,1
1996,Best Rock Performance By A Duo Or Group With Vocal,1
1996,Best Rock Song,1
1996,Best Small Ensemble Performance (With Or Without Conductor),1
1996,Best Song Written Specifically For A Motion Picture Or For Television,1
1996,"Best Southern Gospel, Country Gospel Or Bluegrass Gospel Album",1
1996,Best Spoken Comedy Album,1
1996,Best Spoken Word Album For Children,1
1996,Best Spoken Word Or Non-Musical Album,1
1996,Best Traditional Blues Album,1
1996,Best Traditional Folk Album,1
1996,Best Traditional Pop Vocal Performance,1
1996,Best Traditional Soul Gospel Album,1
1996,Best Tropical Latin Performance,1
1996,Best World Music Album,1
1996,Classical Producer Of The Year,1
1996,Producer Of The Year,1
1996,Record Of The Year,1
1996,Song Of The Year,1
1997,Album Of The Year,1
1997,Best Album Notes,1
1997,Best Alternative Music Performance,1
1997,Best Bluegrass Album,1
1997,Best Boxed Recording Package,1
1997,Best Chamber Music Performance,1
1997,Best Choral Performance,1
1997,Best Classical Album,1
1997,Best Classical Contemporary Composition,1
1997,Best Classical Vocal Performance,1
1997,Best Contemporary Blues Album,1
1997,Best Contemporary Folk Album,1
1997,Best Contemporary Jazz Performance,1
1997,Best Contemporary Soul Gospel Album,1
1997,Best Country Album,1
1997,Best Country Collaboration With Vocals,1
1997,Best Country Instrumental Performance,1
1997,Best Country Performance By A Duo Or Group With Vocal,1
1997,Best Country Song,1
1997,Best Dance Recording,1
1997,Best Engineered Album - Non-Classical,1
1997,"Best Engineered Album, Classical",1
1997,Best Female Country Vocal Performance,1
1997,Best Female Pop Vocal Performance,1
1997,Best Female R&B Vocal Performance,1
1997,Best Female Rock Vocal Performance,1
1997,Best Gospel Choir Or Chorus Album,1
1997,Best Hard Rock Performance,1
1997,Best Historical Album,1
1997,Best Instrumental Arrangement,1
1997,Best Instrumental Arrangement Accompanying Vocal(s),1
1997,Best Instrumental Composition,1
1997,Best Instrumental Composition Written For A Motion Picture Or For Television,1
1997,Best Instrumental Soloist Performance (Without Orchestra),1
1997,Best Instrumental Soloist(s) Performance (With Orchestra),1
1997,"Best Jazz Instrumental Performance, Individual Or Group",1
1997,Best Jazz Instrumental Solo,1
1997,Best Jazz Vocal Performance,1
1997,Best Large Jazz Ensemble Performance,1
1997,Best Latin Jazz Performance,1
1997,Best Latin Pop Performance,1
1997,Best Latin Rock/Alternative Performance,1
1997,Best Long Form Music Video,1
1997,Best Male Country Vocal Performance,1
1997,Best Male Pop Vocal Performance,1
1997,Best Male R&B Vocal Performance,1
1997,Best Male Rock Vocal Performance,1
1997,Best Metal Performance,1
1997,Best Mexican-American/Tejano Music Performance,1
1997,Best Musical Album For Children,1
1997,Best Musical Show Album,1
1997,Best New Age Album,1
1997,Best New Artist,1
1997,Best Opera Recording,1
1997,Best Orchestral Performance,1
1997,Best Polka Album,1
1997,Best Pop Album,1
1997,Best Pop Collaboration With Vocals,1
1997,Best Pop Instrumental Performance,1
1997,Best Pop Performance By A Duo Or Group With Vocal,1
1997,Best Pop/Contemporary Gospel Album,1
1997,Best R&B Album,1
1997,Best R&B Performance By A Duo Or Group With Vocal,1
1997,Best Rap Album,1
1997,Best Rap Performance By A Duo Or Group,1
1997,Best Rap Solo Performance,1
1997,Best Recording Package,1
1997,Best Reggae Album,1
1997,Best Rhythm & Blues Song,1
1997,Best Rock Album,1
1997,Best Rock Gospel Album,1
1997,Best Rock Instrumental Performance,1
1997,Best Rock Performance By A Duo Or Group With Vocal,1
1997,Best Rock Song,1
1997,Best Short Form Music Video,1
1997,Best Small Ensemble Performance (With Or Without Conductor),1
1997,Best Song Written Specifically For A Motion Picture Or For Television,1
1997,"Best Southern, Country Or Bluegrass Gospel Album",1
1997,Best Spoken Comedy Album,1
1997,Best Spoken Word Album,1
1997,Best Spoken Word Album For Children,1
1997,Best Traditional Blues Album,1
1997,Best Traditional Folk Album,1
1997,Best Traditional Pop Vocal Performance,1
1997,Best Traditional Soul Gospel Album,1
1997,Best Tropical Latin Performance,1
1997,Best World Music Album,1
1997,"Producer Of The Year, Classical",1
1997,"Producer Of The Year, Non-Classical",1
1997,Record Of The Year,1
1997,"Remixer Of The Year, Non-Classical",1
1997,Song Of The Year,1
1998,Album Of The Year,1
1998,Best Album Notes,1
1998,Best Alternative Music Performance,1
1998,Best Bluegrass Album,1
1998,Best Boxed Recording Package,1
1998,Best Chamber Music Performance,1
1998,Best Choral Performance,1
1998,Best Classical Album,1
1998,Best Classical Contemporary Composition,1
1998,Best Classical Crossover Album,1
1998,Best Classical Vocal Performance,1
1998,Best Contemporary Blues Album,1
1998,Best Contemporary Folk Album,1
1998,Best Contemporary Jazz Performance,1
1998,Best Contemporary Soul Gospel Album,1
1998,Best Country Album,1
1998,Best Country Collaboration With Vocals,1
1998,Best Country Instrumental Performance,1
1998,Best Country Performance By A Duo Or Group With Vocal,1
1998,Best Country Song,1
1998,Best Dance Recording,1
1998,Best Engineered Album - Non-Classical,1
1998,"Best Engineered Album, Classical",1
1998,Best Female Country Vocal Performance,1
1998,Best Female Pop Vocal Performance,1
1998,Best Female R&B Vocal Performance,1
1998,Best Female Rock Vocal Performance,1
1998,Best Gospel Choir Or Chorus Album,1
1998,Best Hard Rock Performance,1
1998,Best Historical Album,1
1998,Best Instrumental Arrangement,1
1998,Best Instrumental Arrangement Accompanying Vocal(s),1
1998,Best Instrumental Composition,1
1998,Best Instrumental Composition Written For A Motion Picture Or For Television,1
1998,Best Instrumental Soloist Performance (Without Orchestra),1
1998,Best Instrumental Soloist(s) Performance (With Orchestra),1
1998,"Best Jazz Instrumental Performance, Individual Or Group",1
1998,Best Jazz Instrumental Solo,1
1998,Best Jazz Vocal Performance,1
1998,Best Large Jazz Ensemble Performance,1
1998,Best Latin Jazz Performance,1
1998,Best Latin Pop Performance,1
1998,Best Latin Rock/Alternative Performance,1
1998,Best Long Form Music Video,1
1998,Best Male Country Vocal Performance,1
1998,Best Male Pop Vocal Performance,1
1998,Best Male R&B Vocal Performance,1
1998,Best Male Rock Vocal Performance,1
1998,Best Metal Performance,1
1998,Best Mexican-American Music Performance,1
1998,Best Musical Album For Children,1
1998,Best Musical Show Album,1
1998,Best New Age Album,1
1998,Best New Artist,1
1998,Best Opera Recording,1
1998,Best Orchestral Performance,1
1998,Best Polka Album,1
1998,Best Pop Album,1
1998,Best Pop Collaboration With Vocals,1
1998,Best Pop Instrumental Performance,1
1998,Best Pop Performance By A Duo Or Group With Vocal,1
1998,Best Pop/Contemporary Gospel Album,1
1998,Best R&B Album,1
1998,Best R&B Performance By A Duo Or Group With Vocal,1
1998,Best Rap Album,1
1998,Best Rap Performance By A Duo Or Group,1
1998,Best Rap Solo Performance,1
1998,Best Recording Package,1
1998,Best Reggae Album,1
1998,Best Rhythm & Blues Song,1
1998,Best Rock Album,1
1998,Best Rock Gospel Album,1
1998,Best Rock Instrumental Performance,1
1998,Best Rock Performance By A Duo Or Group With Vocal,1
1998,Best Rock Song,1
1998,Best Short Form Music Video,1
1998,Best Small Ensemble Performance (With Or Without Conductor),1
1998,Best Song Written For A Motion Picture Or For Television,1
1998,"Best Southern, Country, Or Bluegrass Gospel Album",1
1998,Best Spoken Comedy Album,1
1998,Best Spoken Word Album,1
1998,Best Spoken Word Album For Children,1
1998,Best Tejano Music Performance,1
1998,Best Traditional Blues Album,1
1998,Best Traditional Folk Album,1
1998,Best Traditional Pop Vocal Performance,1
1998,Best Traditional R&B Vocal Performance,1
1998,Best Traditional Soul Gospel Album,1
1998,Best Tropical Latin Performance,1
1998,Best World Music Album,1
1998,"Producer Of The Year, Classical",1
1998,"Producer Of The Year, Non-Classical",1
1998,Record Of The Year,1
1998,"Remixer Of The Year, Non-classical",1
1998,Song Of The Year,1
1999,Album Of The Year,1
1999,Best Album Notes,1
1999,Best Alternative Music Performance,1
1999,Best Bluegrass Album,1
1999,Best Boxed Recording Package,1
1999,Best Chamber Music Performance,1
1999,Best Choral Performance,1
1999,Best Classical Album,1
1999,Best Classical Contemporary Composition,1
1999,Best Classical Crossover Album,1
1999,Best Classical Vocal Performance,1
1999,Best Contemporary Blues Album,1
1999,Best Contemporary Folk Album,1
1999,Best Contemporary Jazz Performance,1
1999,Best Contemporary Soul Gospel Album,1
1999,Best Country Album,1
1999,Best Country Collaboration With Vocals,1
1999,Best Country Instrumental Performance,1
1999,Best Country Performance By A Duo Or Group With Vocal,1
1999,Best Country Song,1
1999,Best Dance Recording,1
1999,Best Engineered Album - Non-Classical,1
1999,"Best Engineered Album, Classical",1
1999,Best Female Country Vocal Performance,1
1999,Best Female Pop Vocal Performance,1
1999,Best Female R&B Vocal Performance,1
1999,Best Female Rock Vocal Performance,1
1999,Best Gospel Choir Or Chorus Album,1
1999,Best Hard Rock Performance,1
1999,Best Historical Album,1
1999,Best Instrumental Arrangement,1
1999,Best Instrumental Arrangement Accompanying Vocalist(s),1
1999,Best Instrumental Composition,1
1999,"Best Instrumental Composition Written For A Motion Picture, Television Or Other Visual Media.",1
1999,Best Instrumental Soloist Performance (Without Orchestra),1
1999,Best Instrumental Soloist(s) Performance (With Orchestra),1
1999,"Best Jazz Instrumental Performance, Individual Or Group",1
1999,Best Jazz Instrumental Solo,1
1999,Best Jazz Vocal Performance,1
1999,Best Large Jazz Ensemble Performance,1
1999,Best Latin Jazz Performance,1
1999,Best Latin Pop Performance,1
1999,Best Latin Rock/Alternative Performance,1
1999,Best Long Form Music Video,1
1999,Best Male Country Vocal Performance,1
1999,Best Male Pop Vocal Performance,1
1999,Best Male R&B Vocal Performance,1
1999,Best Male Rock Vocal Performance,1
1999,Best Merengue Performance,1
1999,Best Metal Performance,1
1999,Best Mexican-American Performance,1
1999,Best Musical Album For Children,1
1999,Best Musical Show Album,1
1999,Best New Age Album,1
1999,Best New Artist,1
1999,Best Opera Recording,1
1999,Best Orchestral Performance,1
1999,Best Polka Album,1
1999,Best Pop Album,1
1999,Best Pop Collaboration With Vocals,1
1999,Best Pop Instrumental Performance,1
1999,Best Pop Performance By A Duo Or Group With Vocal,1
1999,Best Pop/Contemporary Gospel Album,1
1999,Best R&B Album,1
1999,Best R&B Performance By A Duo Or Group With Vocal,1
1999,Best Rap Album,1
1999,Best Rap Performance By A Duo Or Group,1
1999,Best Rap Solo Performance,1
1999,Best Recording Package,1
1999,Best Reggae Album,1
1999,Best Rhythm & Blues Song,1
1999,Best Rock Album,1
1999,Best Rock Gospel Album,1
1999,Best Rock Instrumental Performance,1
1999,Best Rock Performance By A Duo Or Group With Vocal,1
1999,Best Rock Song,1
1999,Best Salsa Performance,1
1999,Best Short Form Music Video,1
1999,Best Small Ensemble Performance (With Or Without Conductor),1
1999,"Best Song Written For A Motion Picture, Television Or Other Visual Media.",1
1999,Best Soundtrack Album,1
1999,"Best Southern, Country, Or Bluegrass Gospel Album",1
1999,Best Spoken Comedy Album,1
1999,Best Spoken Word Album,1
1999,Best Spoken Word Album For Children,1
1999,Best Tejano Performance,1
1999,Best Traditional Blues Album,1
1999,Best Traditional Folk Album,1
1999,Best Traditional Pop Vocal Performance,1
1999,Best Traditional R&B Vocal Performance,1
1999,Best Traditional Soul Gospel Album,1
1999,Best Traditional Tropical Latin Performance,1
1999,Best World Music Album,1
1999,"Producer Of The Year, Classical",1
1999,"Producer Of The Year, Non-Classical",1
1999,Record Of The Year,1
1999,"Remixer Of The Year, Non-Classical",1
1999,Song Of The Year,1
2000,Album Of The Year,1
2000,Best Album Notes,1
2000,Best Alternative Music Album,1
2000,Best Bluegrass Album,1
2000,Best Boxed Recording Package,1
2000,Best Chamber Music Performance,1
2000,Best Choral Performance,1
2000,Best Classical Album,1
2000,Best Classical Contemporary Composition,1
2000,Best Classical Crossover Album,1
2000,Best Classical Vocal Performance,1
2000,"Best Compilation Soundtrack Album For A Motion Picture, Television Or Other Visual Media",1
2000,Best Contemporary Blues Album,1
2000,Best Contemporary Folk Album,1
2000,Best Contemporary Jazz Album,1
2000,Best Contemporary Soul Gospel Album,1
2000,Best Country Album,1
2000,Best Country Collaboration With Vocals,1
2000,Best Country Instrumental Performance,1
2000,Best Country Performance By A Duo Or Group With Vocal,1
2000,Best Country Song,1
2000,Best Dance Recording,1
2000,"Best Engineered Album, Classical",1
2000,"Best Engineered Album, Non-Classical",1
2000,Best Female Country Vocal Performance,1
2000,Best Female Pop Vocal Performance,1
2000,Best Female R&B Vocal Performance,1
2000,Best Female Rock Vocal Performance,1
2000,Best Gospel Choir Or Chorus Album,1
2000,Best Hard Rock Performance,1
2000,Best Historical Album,1
2000,Best Instrumental Arrangement,1
2000,Best Instrumental Arrangement Accompanying A Vocalist(s),1
2000,Best Instrumental Composition,1
2000,Best Instrumental Soloist Performance (without Orchestra),1
2000,Best Instrumental Soloist(s) Performance (with Orchestra),1
2000,"Best Jazz Instrumental Album, Individual or Group",1
2000,Best Jazz Instrumental Solo,1
2000,Best Jazz Vocal Album,1
2000,Best Large Jazz Ensemble Album,1
2000,Best Latin Jazz Album,1
2000,Best Latin Pop Album,1
2000,Best Latin Rock/Alternative Album,1
2000,Best Long Form Music Video,1
2000,Best Male Country Vocal Performance,1
2000,Best Male Pop Vocal Performance,1
2000,Best Male R&B Vocal Performance,1
2000,Best Male Rock Vocal Performance,1
2000,Best Merengue Album,1
2000,Best Metal Performance,1
2000,Best Mexican/Mexican-American Album,1
2000,Best Musical Album For Children,1
2000,Best Musical Show Album,1
2000,Best Native American Music Album,1
2000,Best New Age Album,1
2000,Best New Artist,1
2000,Best Opera Recording,1
2000,Best Orchestral Performance,1
2000,Best Polka Album,1
2000,Best Pop Collaboration With Vocals,1
2000,Best Pop Instrumental Album,1
2000,Best Pop Instrumental Performance,1
2000,Best Pop Performance By A Duo Or Group With Vocal,1
2000,Best Pop Vocal Album,1
2000,Best Pop/Contemporary Gospel Album,1
2000,Best R&B Album,1
2000,Best R&B Performance By A Duo Or Group With Vocal,1
2000,Best R&B Song,1
2000,Best Rap Album,1
2000,Best Rap Performance By A Duo Or Group,1
2000,Best Rap Solo Performance,1
2000,Best Recording Package,1
2000,Best Reggae Album,1
2000,Best Rock Album,1
2000,Best Rock Gospel Album,1
2000,Best Rock Instrumental Performance,1
2000,Best Rock Performance By A Duo Or Group With Vocal,1
2000,Best Rock Song,1
2000,Best Salsa Album,1
2000,"Best Score Soundtrack Album For A Motion Picture, Television Or Other Visual Media",1
2000,Best Short Form Music Video,1
2000,Best Small Ensemble Performance (with or without Conductor),1
2000,"Best Song Written For A Motion Picture, Television Or Other Visual Media.",1
2000,"Best Southern, Country, or Bluegrass Gospel Album",1
2000,Best Spoken Comedy Album,1
2000,Best Spoken Word Album,1
2000,Best Spoken Word Album for Children,1
2000,Best Tejano Album,1
2000,Best Traditional Blues Album,1
2000,Best Traditional Folk Album,1
2000,Best Traditional Pop Vocal Album,1
2000,Best Traditional R&B Vocal Album,1
2000,Best Traditional Soul Gospel Album,1
2000,Best Traditional Tropical Latin Album,1
2000,Best World Music Album,1
2000,"Producer Of The Year, Classical",1
2000,"Producer Of The Year, Non-Classical",1
2000,Record Of The Year,1
2000,"Remixer of the Year, Non-Classical",1
2000,Song Of The Year,1
2001,Album Of The Year,1
2001,Best Album Notes,2
2001,Best Alternative Music Album,1
2001,Best Bluegrass Album,1
2001,Best Boxed Recording Package,1
2001,Best Chamber Music Performance,1
2001,Best Choral Performance,1
2001,Best Classical Album,1
2001,Best Classical Contemporary Composition,1
2001,Best Classical Crossover Album,1
2001,Best Classical Vocal Performance,1
2001,"Best Compilation Soundtrack Album For A Motion Picture, Television Or Other Visual Media",1
2001,Best Contemporary Blues Album,1
2001,Best Contemporary Folk Album,1
2001,Best Contemporary Jazz Album,1
2001,Best Contemporary Soul Gospel Album,1
2001,Best Country Album,1
2001,Best Country Collaboration With Vocals,1
2001,Best Country Instrumental Performance,1
2001,Best Country Performance By A Duo Or Group With Vocal,1
2001,Best Country Song,1
2001,Best Dance Recording,1
2001,"Best Engineered Album, Classical",1
2001,"Best Engineered Album, Non-Classical",1
2001,Best Female Country Vocal Performance,1
2001,Best Female Pop Vocal Performance,1
2001,Best Female R&B Vocal Performance,1
2001,Best Female Rock Vocal Performance,1
2001,Best Gospel Choir Or Chorus Album,1
2001,Best Hard Rock Performance,1
2001,Best Historical Album,1
2001,Best Instrumental Arrangement,1
2001,Best Instrumental Arrangement Accompanying Vocalist(s),1
2001,Best Instrumental Composition,1
2001,Best Instrumental Soloist Performance (without Orchestra),1
2001,Best Instrumental Soloist(s) Performance (with Orchestra),1
2001,"Best Jazz Instrumental Album, Individual or Group",1
2001,Best Jazz Instrumental Solo,1
2001,Best Jazz Vocal Album,1
2001,Best Large Jazz Ensemble Album,1
2001,Best Latin Jazz Album,1
2001,Best Latin Pop Album,1
2001,Best Latin Rock/Alternative Album,1
2001,Best Long Form Music Video,1
2001,Best Male Country Vocal Performance,1
2001,Best Male Pop Vocal Performance,1
2001,Best Male R&B Vocal Performance,1
2001,Best Male Rock Vocal Performance,1
2001,Best Merengue Album,1
2001,Best Metal Performance,1
2001,Best Mexican/Mexican-American Album,1
2001,Best Musical Album For Children,1
2001,Best Musical Show Album,1
2001,Best Native American Music Album,1
2001,Best New Age Album,1
2001,Best New Artist,1
2001,Best Opera Recording,1
2001,Best Orchestral Performance,1
2001,Best Polka Album,1
2001,Best Pop Collaboration With Vocals,1
2001,Best Pop Instrumental Album,1
2001,Best Pop Instrumental Performance,1
2001,Best Pop Performance By A Duo Or Group With Vocal,1
2001,Best Pop Vocal Album,1
2001,Best Pop/Contemporary Gospel Album,1
2001,Best R&B Album,1
2001,Best R&B Performance By A Duo Or Group With Vocal,1
2001,Best R&B Song,1
2001,Best Rap Album,1
2001,Best Rap Performance By A Duo Or Group,1
2001,Best Rap Solo Performance,1
2001,Best Rap/Sung Collaboration,1
2001,Best Recording Package,1
2001,Best Reggae Album,1
2001,"Best Remixed Recording, Non-Classical",1
2001,Best Rock Album,1
2001,Best Rock Gospel Album,1
2001,Best Rock Instrumental Performance,1
2001,Best Rock Performance By A Duo Or Group With Vocal,1
2001,Best Rock Song,1
2001,Best Salsa Album,1
2001,"Best Score Soundtrack Album For A Motion Picture, Television Or Other Visual Media",1
2001,Best Short Form Music Video,1
2001,Best Small Ensemble Performance (with or without Conductor),1
2001,"Best Song Written For A Motion Picture, Television Or Other Visual Media",1
2001,"Best Southern, Country, or Bluegrass Gospel Album",1
2001,Best Spoken Comedy Album,1
2001,Best Spoken Word Album,1
2001,Best Spoken Word Album for Children,1
2001,Best Tejano Album,1
2001,Best Traditional Blues Album,1
2001,Best Traditional Folk Album,1
2001,Best Traditional Pop Vocal Album,1
2001,Best Traditional R&B Vocal Album,1
2001,Best Traditional Soul Gospel Album,1
2001,Best Traditional Tropical Latin Album,1
2001,Best World Music Album,1
2001,"Producer Of The Year, Classical",1
2001,"Producer Of The Year, Non-Classical",1
2001,Record Of The Year,1
2001,Song Of The Year,1
2002,Album Of The Year,1
2002,Best Album Notes,1
2002,Best Alternative Music Album,1
2002,Best Bluegrass Album,1
2002,Best Boxed Or Special Limited Edition Package,1
2002,Best Chamber Music Performance,1
2002,Best Choral Performance,1
2002,Best Classical Album,1
2002,Best Classical Contemporary Composition,1
2002,Best Classical Crossover Album,1
2002,Best Classical Vocal Performance,1
2002,"Best Compilation Soundtrack Album For A Motion Picture, Television Or Other Visual Media",1
2002,Best Contemporary Blues Album,1
2002,Best Contemporary Folk Album,1
2002,Best Contemporary Jazz Album,1
2002,Best Contemporary R&B Album,1
2002,Best Contemporary Soul Gospel Album,1
2002,Best Country Album,1
2002,Best Country Collaboration With Vocals,1
2002,Best Country Instrumental Performance,1
2002,Best Country Performance By A Duo Or Group With Vocal,1
2002,Best Country Song,1
2002,Best Dance Recording,1
2002,"Best Engineered Album, Classical",1
2002,"Best Engineered Album, Non-Classical",1
2002,Best Female Country Vocal Performance,1
2002,Best Female Pop Vocal Performance,1
2002,Best Female R&B Vocal Performance,1
2002,Best Female Rap Solo Performance,1
2002,Best Female Rock Vocal Performance,1
2002,Best Gospel Choir Or Chorus Album,1
2002,Best Hard Rock Performance,1
2002,Best Historical Album,1
2002,Best Instrumental Arrangement,1
2002,Best Instrumental Arrangement Accompanying Vocalist(s),1
2002,Best Instrumental Composition,1
2002,Best Instrumental Soloist Performance (without Orchestra),1
2002,Best Instrumental Soloist(s) Performance (with Orchestra),1
2002,"Best Jazz Instrumental Album, Individual or Group",1
2002,Best Jazz Instrumental Solo,1
2002,Best Jazz Vocal Album,1
2002,Best Large Jazz Ensemble Album,1
2002,Best Latin Jazz Album,1
2002,Best Latin Pop Album,1
2002,Best Latin Rock/Alternative Album,1
2002,Best Long Form Music Video,1
2002,Best Male Country Vocal Performance,1
2002,Best Male Pop Vocal Performance,1
2002,Best Male R&B Vocal Performance,1
2002,Best Male Rap Solo Performance,1
2002,Best Male Rock Vocal Performance,1
2002,Best Merengue Album,1
2002,Best Metal Performance,1
2002,Best Mexican/Mexican-American Album,1
2002,Best Musical Album For Children,1
2002,Best Musical Show Album,1
2002,Best Native American Music Album,1
2002,Best New Age Album,1
2002,Best New Artist,1
2002,Best Opera Recording,1
2002,Best Orchestral Performance,1
2002,Best Polka Album,1
2002,Best Pop Collaboration With Vocals,1
2002,Best Pop Instrumental Album,1
2002,Best Pop Instrumental Performance,1
2002,Best Pop Performance By A Duo Or Group With Vocal,1
2002,Best Pop Vocal Album,1
2002,Best Pop/Contemporary Gospel Album,1
2002,Best R&B Album,1
2002,Best R&B Performance By A Duo Or Group With Vocal,1
2002,Best R&B Song,1
2002,Best Rap Album,1
2002,Best Rap Performance By A Duo Or Group,1
2002,Best Rap/Sung Collaboration,1
2002,Best Recording Package,1
2002,Best Reggae Album,1
2002,"Best Remixed Recording, Non-Classical",1
2002,Best Rock Album,1
2002,Best Rock Gospel Album,1
2002,Best Rock Instrumental Performance,1
2002,Best Rock Performance By A Duo Or Group With Vocal,1
2002,Best Rock Song,1
2002,Best Salsa Album,1
2002,"Best Score Soundtrack Album For A Motion Picture, Television Or Other Visual Media",1
2002,Best Short Form Music Video,1
2002,Best Small Ensemble Performance (with or without Conductor),1
2002,"Best Song Written For A Motion Picture, Television Or Other Visual Media",1
2002,"Best Southern, Country, or Bluegrass Gospel Album",1
2002,Best Spoken Comedy Album,1
2002,Best Spoken Word Album,1
2002,Best Spoken Word Album For Children,1
2002,Best Tejano Album,1
2002,Best Traditional Blues Album,1
2002,Best Traditional Folk Album,1
2002,Best Traditional Pop Vocal Album,1
2002,Best Traditional R&B Vocal Performance,1
2002,Best Traditional Soul Gospel Album,1
2002,Best Traditional Tropical Latin Album,1
2002,Best Urban/Alternative Performance,1
2002,Best World Music Album,1
2002,"Producer Of The Year, Classical",1
2002,"Producer Of The Year, Non-Classical",1
2002,Record Of The Year,1
2002,Song Of The Year,1
2003,Album Of The Year,1
2003,Best Album Notes,1
2003,Best Alternative Music Album,1
2003,Best Bluegrass Album,1
2003,Best Boxed Or Special Limited Edition Package,1
2003,Best Chamber Music Performance,1
2003,Best Choral Performance,1
2003,Best Classical Album,1
2003,Best Classical Contemporary Composition,1
2003,Best Classical Crossover Album,1
2003,Best Classical Vocal Performance,1
2003,Best Comedy Album,1
2003,"Best Compilation Soundtrack Album For A Motion Picture, Television Or Other Visual Media",1
2003,Best Contemporary Blues Album,1
2003,Best Contemporary Folk Album,1
2003,Best Contemporary Jazz Album,1
2003,Best Contemporary R&B Album,1
2003,Best Contemporary Soul Gospel Album,1
2003,Best Contemporary World Music Album,1
2003,Best Country Album,1
2003,Best Country Collaboration With Vocals,1
2003,Best Country Instrumental Performance,1
2003,Best Country Performance By A Duo Or Group With Vocal,1
2003,Best Country Song,1
2003,Best Dance Recording,1
2003,"Best Engineered Album, Classical",1
2003,"Best Engineered Album, Non-Classical",1
2003,Best Female Country Vocal Performance,1
2003,Best Female Pop Vocal Performance,1
2003,Best Female R&B Vocal Performance,1
2003,Best Female Rap Solo Performance,1
2003,Best Female Rock Vocal Performance,1
2003,Best Gospel Choir Or Chorus Album,1
2003,Best Hard Rock Performance,1
2003,Best Historical Album,1
2003,Best Instrumental Arrangement,1
2003,Best Instrumental Arrangement Accompanying Vocalist(s),1
2003,Best Instrumental Composition,1
2003,Best Instrumental Soloist Performance (without Orchestra),1
2003,Best Instrumental Soloist(s) Performance (with Orchestra),1
2003,"Best Jazz Instrumental Album, Individual or Group",1
2003,Best Jazz Instrumental Solo,1
2003,Best Jazz Vocal Album,1
2003,Best Large Jazz Ensemble Album,1
2003,Best Latin Jazz Album,1
2003,Best Latin Pop Album,1
2003,Best Latin Rock/Alternative Album,1
2003,Best Long Form Music Video,1
2003,Best Male Country Vocal Performance,1
2003,Best Male Pop Vocal Performance,1
2003,Best Male R&B Vocal Performance,1
2003,Best Male Rap Solo Performance,1
2003,Best Male Rock Vocal Performance,1
2003,Best Metal Performance,1
2003,Best Mexican/Mexican-American Album,1
2003,Best Musical Album For Children,1
2003,Best Musical Show Album,1
2003,Best Native American Music Album,1
2003,Best New Age Album,1
2003,Best New Artist,1
2003,Best Opera Recording,1
2003,Best Orchestral Performance,1
2003,Best Polka Album,1
2003,Best Pop Collaboration With Vocals,1
2003,Best Pop Instrumental Album,1
2003,Best Pop Instrumental Performance,1
2003,Best Pop Performance By A Duo Or Group With Vocal,1
2003,Best Pop Vocal Album,1
2003,Best Pop/Contemporary Gospel Album,1
2003,Best R&B Album,1
2003,Best R&B Performance By A Duo Or Group With Vocals,1
2003,Best R&B Song,1
2003,Best Rap Album,1
2003,Best Rap Performance By A Duo Or Group,1
2003,Best Rap Song,1
2003,Best Rap/Sung Collaboration,1
2003,Best Recording Package,1
2003,Best Reggae Album,1
2003,"Best Remixed Recording, Non-Classical",1
2003,Best Rock Album,1
2003,Best Rock Gospel Album,1
2003,Best Rock Instrumental Performance,1
2003,Best Rock Performance By A Duo Or Group With Vocal,1
2003,Best Rock Song,1
2003,Best Salsa/Merengue Album,1
2003,"Best Score Soundtrack Album For A Motion Picture, Television Or Other Visual Media",1
2003,Best Short Form Music Video,1
2003,Best Small Ensemble Performance (with or without Conductor),1
2003,"Best Song Written For A Motion Picture, Television Or Other Visual Media",1
2003,"Best Southern, Country, or Bluegrass Gospel Album",1
2003,Best Spoken Word Album,1
2003,Best Spoken Word Album For Children,1
2003,Best Tejano Album,1
2003,Best Traditional Blues Album,1
2003,Best Traditional Folk Album,1
2003,Best Traditional Pop Vocal Album,1
2003,Best Traditional R&B Vocal Performance,1
2003,Best Traditional Soul Gospel Album,1
2003,Best Traditional Tropical Latin Album,1
2003,Best Traditional World Music Album,1
2003,Best Urban/Alternative Performance,1
2003,"Producer Of The Year, Classical",1
2003,"Producer Of The Year, Non-Classical",1
2003,Record Of The Year,1
2003,Song Of The Year,1
2004,Album Of The Year,1
2004,Best Album Notes,1
2004,Best Alternative Music Album,1
2004,Best Bluegrass Album,1
2004,Best Boxed Or Special Limited Edition Package,1
2004,Best Chamber Music Performance,1
2004,Best Choral Performance,1
2004,Best Classical Album,1
2004,Best Classical Contemporary Composition,1
2004,Best Classical Crossover Album,1
2004,Best Classical Vocal Performance,1
2004,Best Comedy Album,1
2004,"Best Compilation Soundtrack Album For A Motion Picture, Television Or Other Visual Media",1
2004,Best Contemporary Blues Album,1
2004,Best Contemporary Folk Album,1
2004,Best Contemporary Jazz Album,1
2004,Best Contemporary R&B Album,1
2004,Best Contemporary Soul Gospel Album,1
2004,Best Contemporary World Music Album,1
2004,Best Country Album,1
2004,Best Country Collaboration With Vocals,1
2004,Best Country Instrumental Performance,1
2004,Best Country Performance By A Duo Or Group With Vocal,1
2004,Best Country Song,1
2004,Best Dance Recording,1
2004,Best Electronic/Dance Album,1
2004,"Best Engineered Album, Classical",1
2004,"Best Engineered Album, Non-Classical",1
2004,Best Female Country Vocal Performance,1
2004,Best Female Pop Vocal Performance,1
2004,Best Female R&B Vocal Performance,1
2004,Best Gospel Choir Or Chorus Album,1
2004,Best Gospel Performance,1
2004,Best Hard Rock Performance,1
2004,Best Hawaiian Music Album,1
2004,Best Historical Album,1
2004,Best Instrumental Arrangement,1
2004,Best Instrumental Arrangement Accompanying Vocalist(s),1
2004,Best Instrumental Composition,1
2004,Best Instrumental Soloist Performance (without Orchestra),1
2004,Best Instrumental Soloist(s) Performance (with Orchestra),1
2004,"Best Jazz Instrumental Album, Individual or Group",1
2004,Best Jazz Instrumental Solo,1
2004,Best Jazz Vocal Album,1
2004,Best Large Jazz Ensemble Album,1
2004,Best Latin Jazz Album,1
2004,Best Latin Pop Album,1
2004,Best Latin Rock/Alternative Album,1
2004,Best Long Form Music Video,1
2004,Best Male Country Vocal Performance,1
2004,Best Male Pop Vocal Performance,1
2004,Best Male R&B Vocal Performance,1
2004,Best Metal Performance,1
2004,Best Mexican/Mexican-American Album,1
2004,Best Musical Album For Children,1
2004,Best Musical Show Album,1
2004,Best Native American Music Album,1
2004,Best New Age Album,1
2004,Best New Artist,1
2004,Best Opera Recording,1
2004,Best Orchestral Performance,1
2004,Best Polka Album,1
2004,Best Pop Collaboration With Vocals,1
2004,Best Pop Instrumental Album,1
2004,Best Pop Instrumental Performance,1
2004,Best Pop Performance By A Duo Or Group With Vocal,1
2004,Best Pop Vocal Album,1
2004,Best Pop/Contemporary Gospel Album,1
2004,Best R&B Album,1
2004,Best R&B Performance By A Duo Or Group With Vocals,1
2004,Best R&B Song,1
2004,Best Rap Album,1
2004,Best Rap Performance By A Duo Or Group,1
2004,Best Rap Solo Performance,1
2004,Best Rap Song,1
2004,Best Rap/Sung Collaboration,1
2004,Best Recording Package,1
2004,Best Reggae Album,1
2004,"Best Remixed Recording, Non-Classical",1
2004,Best Rock Album,1
2004,Best Rock Gospel Album,1
2004,Best Rock Instrumental Performance,1
2004,Best Rock Performance By A Duo Or Group With Vocal,1
2004,Best Rock Song,1
2004,Best Salsa/Merengue Album,1
2004,"Best Score Soundtrack Album For A Motion Picture, Television Or Other Visual Media",1
2004,Best Short Form Music Video,1
2004,Best Small Ensemble Performance (with or without Conductor),1
2004,Best Solo Rock Vocal Performance,1
2004,"Best Song Written For A Motion Picture, Television Or Other Visual Media",1
2004,"Best Southern, Country, or Bluegrass Gospel Album",1
2004,Best Spoken Word Album,1
2004,Best Spoken Word Album For Children,1
2004,Best Surround Sound Album,1
2004,Best Tejano Album,1
2004,Best Traditional Blues Album,1
2004,Best Traditional Folk Album,1
2004,Best Traditional Pop Vocal Album,1
2004,Best Traditional R&B Vocal Performance,1
2004,Best Traditional Soul Gospel Album,1
2004,Best Traditional Tropical Latin Album,1
2004,Best Traditional World Music Album,1
2004,Best Urban/Alternative Performance,1
2004,"Producer Of The Year, Classical",1
2004,"Producer Of The Year, Non-Classical",1
2004,Record Of The Year,1
2004,Song Of The Year,1
2005,Album Of The Year,1
2005,Best Album Notes,1
2005,Best Alternative Music Album,1
2005,Best Bluegrass Album,1
2005,Best Boxed Or Special Limited Edition Package,1
2005,Best Chamber Music Performance,1
2005,Best Choral Performance,1
2005,Best Classical Album,1
2005,Best Classical Contemporary Composition,1
2005,Best Classical Crossover Album,1
2005,Best Classical Vocal Performance,1
2005,Best Comedy Album,1
2005,"Best Compilation Soundtrack Album For Motion Picture, Television Or Other Visual Media",1
2005,Best Contemporary Blues Album,1
2005,Best Contemporary Folk Album,1
2005,Best Contemporary Jazz Album,1
2005,Best Contemporary R&B Album,1
2005,Best Contemporary Soul Gospel Album,1
2005,Best Contemporary World Music Album,1
2005,Best Country Album,1
2005,Best Country Collaboration With Vocals,1
2005,Best Country Instrumental Performance,1
2005,Best Country Performance By A Duo Or Group With Vocal,1
2005,Best Country Song,1
2005,Best Dance Recording,1
2005,Best Electronic/Dance Album,1
2005,"Best Engineered Album, Classical",1
2005,"Best Engineered Album, Non-Classical",1
2005,Best Female Country Vocal Performance,1
2005,Best Female Pop Vocal Performance,1
2005,Best Female R&B Vocal Performance,1
2005,Best Gospel Choir Or Chorus Album,1
2005,Best Gospel Performance,1
2005,Best Gospel Song,1
2005,Best Hard Rock Performance,1
2005,Best Hawaiian Music Album,1
2005,Best Historical Album,1
2005,Best Instrumental Arrangement,1
2005,Best Instrumental Arrangement Accompanying Vocalist(s),1
2005,Best Instrumental Composition,1
2005,Best Instrumental Soloist Performance (without Orchestra),1
2005,Best Instrumental Soloist(s) Performance (with Orchestra),1
2005,"Best Jazz Instrumental Album, Individual or Group",1
2005,Best Jazz Instrumental Solo,1
2005,Best Jazz Vocal Album,1
2005,Best Large Jazz Ensemble Album,1
2005,Best Latin Jazz Album,1
2005,Best Latin Pop Album,1
2005,Best Latin Rock/Alternative Album,1
2005,Best Long Form Music Video,1
2005,Best Male Country Vocal Performance,1
2005,Best Male Pop Vocal Performance,1
2005,Best Male R&B Vocal Performance,1
2005,Best Metal Performance,1
2005,Best Mexican/Mexican-American Album,1
2005,Best Musical Album For Children,1
2005,Best Musical Show Album,1
2005,Best Native American Music Album,1
2005,Best New Age Album,1
2005,Best New Artist,1
2005,Best Opera Recording,1
2005,Best Orchestral Performance,1
2005,Best Polka Album,1
2005,Best Pop Collaboration With Vocals,1
2005,Best Pop Instrumental Album,1
2005,Best Pop Instrumental Performance,1
2005,Best Pop Performance By A Duo Or Group With Vocal,1
2005,Best Pop Vocal Album,1
2005,Best Pop/Contemporary Gospel Album,1
2005,Best R&B Album,1
2005,Best R&B Performance By A Duo Or Group With Vocals,1
2005,Best R&B Song,1
2005,Best Rap Album,1
2005,Best Rap Performance By A Duo Or Group,1
2005,Best Rap Solo Performance,1
2005,Best Rap Song,1
2005,Best Rap/Sung Collaboration,1
2005,Best Recording Package,1
2005,Best Reggae Album,1
2005,"Best Remixed Recording, Non-Classical",1
2005,Best Rock Album,1
2005,Best Rock Gospel Album,1
2005,Best Rock Instrumental Performance,1
2005,Best Rock Performance By A Duo Or Group With Vocal,1
2005,Best Rock Song,1
2005,Best Salsa/Merengue Album,1
2005,"Best Score Soundtrack Album For Motion Picture, Television Or Other Visual Media",1
2005,Best Short Form Music Video,1
2005,Best Small Ensemble Performance (with or without Conductor),1
2005,Best Solo Rock Vocal Performance,1
2005,"Best Song Written For Motion Picture, Television Or Other Visual Media",1
2005,"Best Southern, Country, or Bluegrass Gospel Album",1
2005,Best Spoken Word Album,1
2005,Best Spoken Word Album For Children,1
2005,Best Surround Sound Album,1
2005,Best Tejano Album,1
2005,Best Traditional Blues Album,1
2005,Best Traditional Folk Album,1
2005,Best Traditional Pop Vocal Album,1
2005,Best Traditional R&B Vocal Performance,1
2005,Best Traditional Soul Gospel Album,1
2005,Best Traditional Tropical Latin Album,1
2005,Best Traditional World Music Album,1
2005,Best Urban/Alternative Performance,1
2005,"Producer Of The Year, Classical",1
2005,"Producer Of The Year, Non-Classical",1
2005,Record Of The Year,1
2005,Song Of The Year,1
2006,Album Of The Year,1
2006,Best Album Notes,1
2006,Best Alternative Music Album,1
2006,Best Banda Album,1
2006,Best Bluegrass Album,1
2006,Best Boxed Or Special Limited Edition Package,1
2006,Best Chamber Music Performance,1
2006,Best Choral Performance,1
2006,Best Classical Album,1
2006,Best Classical Contemporary Composition,1
2006,Best Classical Crossover Album,1
2006,Best Classical Vocal Performance,1
2006,Best Comedy Album,1
2006,"Best Compilation Soundtrack Album For Motion Picture, Television Or Other Visual Media",1
2006,Best Contemporary Blues Album,1
2006,Best Contemporary Folk/Americana Album,1
2006,Best Contemporary Jazz Album,1
2006,Best Contemporary R&B Album,1
2006,Best Contemporary R&B Gospel Album,1
2006,Best Contemporary World Music Album,1
2006,Best Country Album,1
2006,Best Country Collaboration With Vocals,1
2006,Best Country Instrumental Performance,1
2006,Best Country Performance By A Duo Or Group With Vocal,1
2006,Best Country Song,1
2006,Best Dance Recording,1
2006,Best Electronic/Dance Album,1
2006,"Best Engineered Album, Classical",1
2006,"Best Engineered Album, Non-Classical",1
2006,Best Female Country Vocal Performance,1
2006,Best Female Pop Vocal Performance,1
2006,Best Female R&B Vocal Performance,1
2006,Best Gospel Performance,1
2006,Best Gospel Song,1
2006,Best Hard Rock Performance,1
2006,Best Hawaiian Music Album,1
2006,Best Historical Album,1
2006,Best Instrumental Arrangement,1
2006,Best Instrumental Arrangement Accompanying Vocalist(s),1
2006,Best Instrumental Composition,1
2006,Best Instrumental Soloist Performance (without Orchestra),1
2006,Best Instrumental Soloist(s) Performance (with Orchestra),1
2006,"Best Jazz Instrumental Album, Individual or Group",1
2006,Best Jazz Instrumental Solo,1
2006,Best Jazz Vocal Album,1
2006,Best Large Jazz Ensemble Album,1
2006,Best Latin Jazz Album,1
2006,Best Latin Pop Album,2
2006,"Best Latin Rock, Alternative Or Urban Album",1
2006,Best Long Form Music Video,1
2006,Best Male Country Vocal Performance,1
2006,Best Male Pop Vocal Performance,1
2006,Best Male R&B Vocal Performance,1
2006,Best Metal Performance,1
2006,Best Mexican/Mexican-American Album,1
2006,Best Musical Album For Children,1
2006,Best Musical Show Album,1
2006,Best Native American Music Album,1
2006,Best New Age Album,1
2006,Best New Artist,1
2006,Best Norteño Album,1
2006,Best Opera Recording,1
2006,Best Orchestral Performance,1
2006,Best Polka Album,1
2006,Best Pop Collaboration With Vocals,1
2006,Best Pop Instrumental Album,1
2006,Best Pop Instrumental Performance,1
2006,Best Pop Performance By A Duo Or Group With Vocal,1
2006,Best Pop Vocal Album,1
2006,Best Pop/Contemporary Gospel Album,1
2006,Best R&B Album,1
2006,Best R&B Performance By A Duo Or Group With Vocals,1
2006,Best R&B Song,1
2006,Best Rap Album,1
2006,Best Rap Performance By A Duo Or Group,1
2006,Best Rap Solo Performance,1
2006,Best Rap Song,1
2006,Best Rap/Sung Collaboration,1
2006,Best Recording Package,1
2006,Best Reggae Album,1
2006,"Best Remixed Recording, Non-Classical",1
2006,Best Rock Album,1
2006,Best Rock Instrumental Performance,1
2006,Best Rock Or Rap Gospel Album,1
2006,Best Rock Performance By A Duo Or Group With Vocal,1
2006,Best Rock Song,1
2006,"Best Score Soundtrack Album For Motion Picture, Television Or Other Visual Media",1
2006,Best Short Form Music Video,1
2006,Best Small Ensemble Performance,1
2006,Best Solo Rock Vocal Performance,1
2006,"Best Song Written For Motion Picture, Television Or Other Visual Media",1
2006,"Best Southern, Country, Or Bluegrass Gospel Album",1
2006,"Best Spoken Word Album (Includes Poetry, Audio Books & Story Telling)",2
2006,Best Spoken Word Album For Children,1
2006,Best Surround Sound Album,1
2006,Best Tejano Album,1
2006,Best Traditional Blues Album,1
2006,Best Traditional Folk Album,1
2006,Best Traditional Gospel Album,1
2006,Best Traditional Pop Vocal Album,1
2006,Best Traditional R&B Vocal Performance,1
2006,Best Traditional World Music Album,1
2006,Best Tropical Latin Album,1
2006,Best Urban/Alternative Performance,1
2006,"Producer Of The Year, Classical",1
2006,"Producer Of The Year, Non-Classical",1
2006,Record Of The Year,1
2006,Song Of The Year,1
2007,Album Of The Year,1
2007,Best Album Notes,1
2007,Best Alternative Music Album,1
2007,Best Banda Album,1
2007,Best Bluegrass Album,1
2007,Best Boxed Or Special Limited Edition Package,1
2007,Best Chamber Music Performance,1
2007,Best Choral Performance,1
2007,Best Classical Album,1
2007,Best Classical Contemporary Composition,1
2007,Best Classical Crossover Album,1
2007,Best Classical Vocal Performance,1
2007,Best Comedy Album,1
2007,"Best Compilation Soundtrack Album For Motion Picture, Television Or Other Visual Media",1
2007,Best Contemporary Blues Album,1
2007,Best Contemporary Folk/Americana Album,1
2007,Best Contemporary Jazz Album,1
2007,Best Contemporary R&B Album,1
2007,Best Contemporary R&B Gospel Album,1
2007,Best Contemporary World Music Album,1
2007,Best Country Album,1
2007,Best Country Collaboration With Vocals,1
2007,Best Country Instrumental Performance,1
2007,Best Country Performance By A Duo Or Group With Vocals,1
2007,Best Country Song,1
2007,Best Dance Recording,1
2007,Best Electronic/Dance Album,1
2007,"Best Engineered Album, Classical",1
2007,"Best Engineered Album, Non-Classical",1
2007,Best Female Country Vocal Performance,1
2007,Best Female Pop Vocal Performance,1
2007,Best Female R&B Vocal Performance,1
2007,Best Gospel Performance,2
2007,Best Gospel Song,1
2007,Best Hard Rock Performance,1
2007,Best Hawaiian Music Album,1
2007,Best Historical Album,1
2007,Best Instrumental Arrangement,1
2007,Best Instrumental Arrangement Accompanying Vocalist(s),1
2007,Best Instrumental Composition,1
2007,Best Instrumental Soloist Performance (without Orchestra),1
2007,Best Instrumental Soloist(s) Performance (with Orchestra),1
2007,"Best Jazz Instrumental Album, Individual or Group",1
2007,Best Jazz Instrumental Solo,1
2007,Best Jazz Vocal Album,1
2007,Best Large Jazz Ensemble Album,1
2007,Best Latin Jazz Album,1
2007,Best Latin Pop Album,1
2007,Best Latin Rock Or Alternative Album,1
2007,Best Latin Urban Album,1
2007,Best Long Form Music Video,1
2007,Best Male Country Vocal Performance,1
2007,Best Male Pop Vocal Performance,1
2007,Best Male R&B Vocal Performance,1
2007,Best Metal Performance,1
2007,Best Mexican/Mexican-American Album,1
2007,Best Musical Album For Children,1
2007,Best Musical Show Album,1
2007,Best Native American Music Album,1
2007,Best New Age Album,1
2007,Best New Artist,1
2007,Best Norteño Album,1
2007,Best Opera Recording,1
2007,Best Orchestral Performance,1
2007,Best Polka Album,1
2007,Best Pop Collaboration With Vocals,1
2007,Best Pop Instrumental Album,1
2007,Best Pop Instrumental Performance,1
2007,Best Pop Performance By A Duo Or Group With Vocals,1
2007,Best Pop Vocal Album,1
2007,Best Pop/Contemporary Gospel Album,1
2007,Best R&B Album,1
2007,Best R&B Performance By A Duo Or Group With Vocals,1
2007,Best R&B Song,1
2007,Best Rap Album,1
2007,Best Rap Performance By A Duo Or Group,1
2007,Best Rap Solo Performance,1
2007,Best Rap Song,1
2007,Best Rap/Sung Collaboration,1
2007,Best Recording Package,1
2007,Best Reggae Album,1
2007,"Best Remixed Recording, Non-Classical",1
2007,Best Rock Album,1
2007,Best Rock Instrumental Performance,1
2007,Best Rock Or Rap Gospel Album,1
2007,Best Rock Performance By A Duo Or Group With Vocals,1
2007,Best Rock Song,1
2007,"Best Score Soundtrack Album For Motion Picture, Television Or Other Visual Media",1
2007,Best Short Form Music Video,1
2007,Best Small Ensemble Performance,1
2007,Best Solo Rock Vocal Performance,1
2007,"Best Song Written For Motion Picture, Television Or Other Visual Media",1
2007,"Best Southern, Country, Or Bluegrass Gospel Album",1
2007,"Best Spoken Word Album (Includes Poetry, Audio Books & Story Telling)",1
2007,Best Spoken Word Album For Children,1
2007,Best Surround Sound Album,1
2007,Best Tejano Album,1
2007,Best Traditional Blues Album,1
2007,Best Traditional Folk Album,1
2007,Best Traditional Gospel Album,1
2007,Best Traditional Pop Vocal Album,1
2007,Best Traditional R&B Vocal Performance,1
2007,Best Traditional World Music Album,1
2007,Best Tropical Latin Album,1
2007,Best Urban/Alternative Performance,1
2007,Best Zydeco Or Cajun Music Album,1
2007,"Producer Of The Year, Classical",1
2007,"Producer Of The Year, Non-Classical",1
2007,Record Of The Year,1
2007,Song Of The Year,1
2008,Album Of The Year,1
2008,Best Album Notes,1
2008,Best Alternative Music Album,1
2008,Best Banda Album,1
2008,Best Bluegrass Album,1
2008,Best Boxed Or Special Limited Edition Package,1
2008,Best Chamber Music Performance,1
2008,Best Choral Performance,1
2008,Best Classical Album,1
2008,Best Classical Contemporary Composition,1
2008,Best Classical Crossover Album,1
2008,Best Classical Vocal Performance,1
2008,Best Comedy Album,1
2008,"Best Compilation Soundtrack Album For Motion Picture, Television Or Other Visual Media",1
2008,Best Contemporary Blues Album,1
2008,Best Contemporary Folk/Americana Album,1
2008,Best Contemporary Jazz Album,1
2008,Best Contemporary R&B Album,1
2008,Best Contemporary R&B Gospel Album,1
2008,Best Contemporary World Music Album,1
2008,Best Country Album,1
2008,Best Country Collaboration With Vocals,1
2008,Best Country Instrumental Performance,1
2008,Best Country Performance By A Duo Or Group With Vocals,1
2008,Best Country Song,1
2008,Best Dance Recording,1
2008,Best Electronic/Dance Album,1
2008,"Best Engineered Album, Classical",1
2008,"Best Engineered Album, Non-Classical",1
2008,Best Female Country Vocal Performance,1
2008,Best Female Pop Vocal Performance,1
2008,Best Female R&B Vocal Performance,1
2008,Best Gospel Performance,1
2008,Best Gospel Song,1
2008,Best Hard Rock Performance,1
2008,Best Hawaiian Music Album,1
2008,Best Historical Album,1
2008,Best Instrumental Arrangement,1
2008,Best Instrumental Arrangement Accompanying Vocalist(s),1
2008,Best Instrumental Composition,1
2008,Best Instrumental Soloist Performance (without Orchestra),1
2008,Best Instrumental Soloist(s) Performance (with Orchestra),1
2008,"Best Jazz Instrumental Album, Individual or Group",1
2008,Best Jazz Instrumental Solo,1
2008,Best Jazz Vocal Album,1
2008,Best Large Jazz Ensemble Album,1
2008,Best Latin Jazz Album,1
2008,Best Latin Pop Album,1
2008,Best Latin Rock Or Alternative Album,1
2008,Best Latin Urban Album,1
2008,Best Long Form Music Video,1
2008,Best Male Country Vocal Performance,1
2008,Best Male Pop Vocal Performance,1
2008,Best Male R&B Vocal Performance,1
2008,Best Metal Performance,1
2008,Best Musical Album For Children,1
2008,Best Musical Show Album,1
2008,Best Native American Music Album,1
2008,Best New Age Album,1
2008,Best New Artist,1
2008,Best Norteño Album,1
2008,Best Opera Recording,1
2008,Best Orchestral Performance,1
2008,Best Polka Album,1
2008,Best Pop Collaboration With Vocals,1
2008,Best Pop Instrumental Album,1
2008,Best Pop Instrumental Performance,1
2008,Best Pop Performance By A Duo Or Group With Vocals,1
2008,Best Pop Vocal Album,1
2008,Best Pop/Contemporary Gospel Album,1
2008,Best R&B Album,1
2008,Best R&B Performance By A Duo Or Group With Vocals,1
2008,Best R&B Song,1
2008,Best Rap Album,1
2008,Best Rap Performance By A Duo Or Group,1
2008,Best Rap Solo Performance,1
2008,Best Rap Song,1
2008,Best Rap/Sung Collaboration,1
2008,Best Recording Package,1
2008,Best Reggae Album,1
2008,Best Regional Mexican Album,2
2008,"Best Remixed Recording, Non-Classical",1
2008,Best Rock Album,1
2008,Best Rock Instrumental Performance,1
2008,Best Rock Or Rap Gospel Album,1
2008,Best Rock Performance By A Duo Or Group With Vocals,1
2008,Best Rock Song,1
2008,"Best Score Soundtrack Album For Motion Picture, Television Or Other Visual Media",1
2008,Best Short Form Music Video,1
2008,Best Small Ensemble Performance,1
2008,Best Solo Rock Vocal Performance,1
2008,"Best Song Written For Motion Picture, Television Or Other Visual Media",1
2008,"Best Southern, Country, Or Bluegrass Gospel Album",1
2008,"Best Spoken Word Album (Includes Poetry, Audio Books & Story Telling)",1
2008,Best Spoken Word Album For Children,1
2008,Best Surround Sound Album,1
2008,Best Tejano Album,1
2008,Best Traditional Blues Album,1
2008,Best Traditional Folk Album,1
2008,Best Traditional Gospel Album,1
2008,Best Traditional Pop Vocal Album,1
2008,Best Traditional R&B Vocal Performance,1
2008,Best Traditional World Music Album,1
2008,Best Tropical Latin Album,1
2008,Best Urban/Alternative Performance,1
2008,Best Zydeco Or Cajun Music Album,1
2008,"Producer Of The Year, Classical",1
2008,"Producer Of The Year, Non-Classical",1
2008,Record Of The Year,1
2008,Song Of The Year,1
2009,Album Of The Year,1
2009,Best Album Notes,1
2009,Best Alternative Music Album,1
2009,Best Americana Album,1
2009,Best Banda Album,1
2009,Best Bluegrass Album,1
2009,Best Boxed Or Special Limited Edition Package,1
2009,Best Chamber Music Performance,1
2009,Best Choral Performance,1
2009,Best Classical Album,1
2009,Best Classical Contemporary Composition,1
2009,Best Classical Crossover Album,1
2009,Best Classical Vocal Performance,1
2009,Best Comedy Album,1
2009,"Best Compilation Soundtrack Album For Motion Picture, Television Or Other Visual Media",1
2009,Best Contemporary Blues Album,1
2009,Best Contemporary Folk Album,1
2009,Best Contemporary Jazz Album,1
2009,Best Contemporary R&B Album,1
2009,Best Contemporary R&B Gospel Album,1
2009,Best Contemporary World Music Album,1
2009,Best Country Album,1
2009,Best Country Collaboration With Vocals,1
2009,Best Country Instrumental Performance,1
2009,Best Country Performance By A Duo Or Group With Vocals,1
2009,Best Country Song,1
2009,Best Dance Recording,1
2009,Best Electronic/Dance Album,1
2009,"Best Engineered Album, Classical",1
2009,"Best Engineered Album, Non-Classical",1
2009,Best Female Country Vocal Performance,1
2009,Best Female Pop Vocal Performance,1
2009,Best Female R&B Vocal Performance,1
2009,Best Gospel Performance,1
2009,Best Gospel Song,1
2009,Best Hard Rock Performance,1
2009,Best Hawaiian Music Album,1
2009,Best Historical Album,1
2009,Best Improvised Jazz Solo,1
2009,Best Instrumental Arrangement,1
2009,Best Instrumental Arrangement Accompanying Vocalist(s),1
2009,Best Instrumental Composition,1
2009,Best Instrumental Soloist Performance (without Orchestra),1
2009,Best Instrumental Soloist(s) Performance (with Orchestra),1
2009,"Best Jazz Instrumental Album, Individual or Group",1
2009,Best Jazz Vocal Album,1
2009,Best Large Jazz Ensemble Album,1
2009,Best Latin Jazz Album,1
2009,Best Latin Pop Album,1
2009,"Best Latin Rock, Alternative Or Urban Album",1
2009,Best Long Form Music Video,1
2009,Best Male Country Vocal Performance,1
2009,Best Male Pop Vocal Performance,1
2009,Best Male R&B Vocal Performance,1
2009,Best Metal Performance,1
2009,Best Musical Album For Children,1
2009,Best Musical Show Album,1
2009,Best Native American Music Album,1
2009,Best New Age Album,1
2009,Best New Artist,1
2009,Best Norteño Album,1
2009,Best Opera Recording,1
2009,Best Orchestral Performance,1
2009,Best Pop Collaboration With Vocals,1
2009,Best Pop Instrumental Album,1
2009,Best Pop Instrumental Performance,1
2009,Best Pop Performance By A Duo Or Group With Vocals,1
2009,Best Pop Vocal Album,1
2009,Best Pop/Contemporary Gospel Album,1
2009,Best R&B Album,1
2009,Best R&B Performance By A Duo Or Group With Vocals,1
2009,Best R&B Song,1
2009,Best Rap Album,1
2009,Best Rap Performance By A Duo Or Group,1
2009,Best Rap Solo Performance,1
2009,Best Rap Song,1
2009,Best Rap/Sung Collaboration,1
2009,Best Recording Package,1
2009,Best Reggae Album,1
2009,Best Regional Mexican Album,1
2009,"Best Remixed Recording, Non-Classical",1
2009,Best Rock Album,1
2009,Best Rock Instrumental Performance,1
2009,Best Rock Or Rap Gospel Album,1
2009,Best Rock Performance By A Duo Or Group With Vocals,1
2009,Best Rock Song,1
2009,"Best Score Soundtrack Album For Motion Picture, Television Or Other Visual Media",1
2009,Best Short Form Music Video,1
2009,Best Small Ensemble Performance,1
2009,Best Solo Rock Vocal Performance,1
2009,"Best Song Written For Motion Picture, Television Or Other Visual Media",1
2009,"Best Southern, Country, Or Bluegrass Gospel Album",1
2009,"Best Spoken Word Album (Includes Poetry, Audio Books & Story Telling)",1
2009,Best Spoken Word Album For Children,1
2009,Best Surround Sound Album,1
2009,Best Tejano Album,1
2009,Best Traditional Blues Album,1
2009,Best Traditional Folk Album,1
2009,Best Traditional Gospel Album,1
2009,Best Traditional Pop Vocal Album,1
2009,Best Traditional R&B Vocal Performance,1
2009,Best Traditional World Music Album,1
2009,Best Tropical Latin Album,1
2009,Best Urban/Alternative Performance,1
2009,Best Zydeco Or Cajun Music Album,1
2009,"Producer Of The Year, Classical",1
2009,"Producer Of The Year, Non-Classical",1
2009,Record Of The Year,1
2009,Song Of The Year,1
2010,Album Of The Year,1
2010,Best Album Notes,1
2010,Best Alternative Music Album,1
2010,Best Americana Album,1
2010,Best Banda Album,1
2010,Best Bluegrass Album,1
2010,Best Boxed Or Special Limited Edition Package,1
2010,Best Chamber Music Performance,1
2010,Best Choral Performance,1
2010,Best Classical Album,1
2010,Best Classical Contemporary Composition,1
2010,Best Classical Crossover Album,1
2010,Best Classical Vocal Performance,1
2010,Best Comedy Album,1
2010,"Best Compilation Soundtrack Album For Motion Picture, Television Or Other Visual Media",1
2010,Best Contemporary Blues Album,1
2010,Best Contemporary Folk Album,1
2010,Best Contemporary Jazz Album,1
2010,Best Contemporary R&B Album,1
2010,Best Contemporary R&B Gospel Album,1
2010,Best Contemporary World Music Album,1
2010,Best Country Album,1
2010,Best Country Collaboration With Vocals,1
2010,Best Country Instrumental Performance,1
2010,Best Country Performance By A Duo Or Group With Vocals,1
2010,Best Country Song,1
2010,Best Dance Recording,1
2010,Best Electronic/Dance Album,1
2010,"Best Engineered Album, Classical",2
2010,"Best Engineered Album, Non-Classical",1
2010,Best Female Country Vocal Performance,1
2010,Best Female Pop Vocal Performance,1
2010,Best Female R&B Vocal Performance,1
2010,Best Gospel Performance,1
2010,Best Gospel Song,1
2010,Best Hard Rock Performance,1
2010,Best Hawaiian Music Album,1
2010,Best Historical Album,1
2010,Best Improvised Jazz Solo,1
2010,Best Instrumental Arrangement,1
2010,Best Instrumental Arrangement Accompanying Vocalist(s),1
2010,Best Instrumental Composition,1
2010,Best Instrumental Soloist Performance (without Orchestra),1
2010,Best Instrumental Soloist(s) Performance (with Orchestra),1
2010,"Best Jazz Instrumental Album, Individual or Group",1
2010,Best Jazz Vocal Album,1
2010,Best Large Jazz Ensemble Album,1
2010,Best Latin Jazz Album,1
2010,Best Latin Pop Album,1
2010,"Best Latin Rock, Alternative Or Urban Album",1
2010,Best Long Form Music Video,1
2010,Best Male Country Vocal Performance,1
2010,Best Male Pop Vocal Performance,1
2010,Best Male R&B Vocal Performance,1
2010,Best Metal Performance,1
2010,Best Musical Album For Children,1
2010,Best Musical Show Album,1
2010,Best Native American Music Album,1
2010,Best New Age Album,1
2010,Best New Artist,1
2010,Best Norteño Album,1
2010,Best Opera Recording,1
2010,Best Orchestral Performance,1
2010,Best Pop Collaboration With Vocals,1
2010,Best Pop Instrumental Album,1
2010,Best Pop Instrumental Performance,1
2010,Best Pop Performance By A Duo Or Group With Vocals,1
2010,Best Pop Vocal Album,1
2010,Best Pop/Contemporary Gospel Album,1
2010,Best R&B Album,1
2010,Best R&B Performance By A Duo Or Group With Vocals,1
2010,Best R&B Song,1
2010,Best Rap Album,1
2010,Best Rap Performance By A Duo Or Group,1
2010,Best Rap Solo Performance,1
2010,Best Rap Song,1
2010,Best Rap/Sung Collaboration,1
2010,Best Recording Package,1
2010,Best Reggae Album,1
2010,"Best Remixed Recording, Non-Classical",1
2010,Best Rock Album,1
2010,Best Rock Instrumental Performance,1
2010,Best Rock Or Rap Gospel Album,1
2010,Best Rock Performance By A Duo Or Group With Vocals,1
2010,Best Rock Song,1
2010,"Best Score Soundtrack Album For Motion Picture, Television Or Other Visual Media",1
2010,Best Short Form Music Video,1
2010,Best Small Ensemble Performance,1
2010,Best Solo Rock Vocal Performance,1
2010,"Best Song Written For Motion Picture, Television Or Other Visual Media",1
2010,"Best Southern, Country, Or Bluegrass Gospel Album",1
2010,"Best Spoken Word Album (Includes Poetry, Audio Books & Story Telling)",1
2010,Best Spoken Word Album For Children,1
2010,Best Surround Sound Album,1
2010,Best Tejano Album,1
2010,Best Traditional Blues Album,1
2010,Best Traditional Folk Album,1
2010,Best Traditional Gospel Album,1
2010,Best Traditional Pop Vocal Album,1
2010,Best Traditional R&B Vocal Performance,1
2010,Best Traditional World Music Album,1
2010,Best Tropical Latin Album,1
2010,Best Urban/Alternative Performance,1
2010,Best Zydeco Or Cajun Music Album,1
2010,"Producer Of The Year, Classical",1
2010,"Producer Of The Year, Non-Classical",1
2010,Record Of The Year,1
2010,Song Of The Year,1
2011,Album Of The Year,1
2011,Best Album Notes,1
2011,Best Alternative Music Album,1
2011,Best Americana Album,1
2011,Best Banda Or Norteño Album,1
2011,Best Bluegrass Album,1
2011,Best Blues Album,1
2011,Best Boxed Or Special Limited Edition Package,1
2011,Best Children's Album,1
2011,Best Choral Performance,1
2011,Best Classical Instrumental Solo,1
2011,Best Classical Vocal Solo,1
2011,Best Comedy Album,1
2011,Best Compilation Soundtrack For Visual Media,1
2011,Best Contemporary Christian Music Album,1
2011,Best Contemporary Christian Music Song,1
2011,Best Contemporary Classical  Composition,1
2011,Best Country Album,1
2011,Best Country Duo/Group Performance,1
2011,Best Country Solo Performance,1
2011,Best Country Song,1
2011,Best Dance Recording,1
2011,Best Dance/Electronica Album,1
2011,"Best Engineered Album, Classical",1
2011,"Best Engineered Album, Non-Classical",1
2011,Best Folk Album,1
2011,Best Gospel Album,1
2011,Best Gospel Song,1
2011,Best Gospel/Contemporary Christian Music Performance,1
2011,Best Hard Rock/Metal Performance,1
2011,Best Historical Album,1
2011,Best Improvised Jazz Solo,1
2011,Best Instrumental Arrangement,1
2011,Best Instrumental Arrangement Accompanying Vocalist(s),1
2011,Best Instrumental Composition,1
2011,Best Jazz Instrumental Album,1
2011,Best Jazz Vocal Album,1
2011,Best Large Jazz Ensemble Album,1
2011,"Best Latin Pop, Rock, Or Urban Album",1
2011,Best Long Form Music Video,1
2011,Best Musical Theater Album,1
2011,Best New Age Album,1
2011,Best New Artist,1
2011,Best Opera Recording,1
2011,Best Orchestral Performance,1
2011,Best Pop Duo/Group Performance,1
2011,Best Pop Instrumental Album,1
2011,Best Pop Solo Performance,1
2011,Best Pop Vocal Album,1
2011,Best R&B Album,1
2011,Best R&B Performance,1
2011,Best R&B Song,1
2011,Best Rap Album,1
2011,Best Rap Performance,1
2011,Best Rap Song,1
2011,Best Rap/Sung Collaboration,1
2011,Best Recording Package,1
2011,Best Reggae Album,1
2011,Best Regional Mexican Or Tejano Album,1
2011,Best Regional Roots Music Album,1
2011,"Best Remixed Recording, Non-Classical",1
2011,Best Rock Album,1
2011,Best Rock Performance,1
2011,Best Rock Song,1
2011,Best Score Soundtrack For Visual Media,1
2011,Best Short Form Music Video,1
2011,Best Small Ensemble Performance,1
2011,Best Song Written For Visual Media,1
2011,"Best Spoken Word Album (Includes Poetry, Audio Books & Storytelling)",1
2011,Best Surround Sound Album,1
2011,Best Traditional Pop Vocal Album,1
2011,Best Traditional R&B Performance,1
2011,Best Tropical Latin Album,1
2011,Best World Music Album,1
2011,"Producer Of The Year, Classical",1
2011,"Producer Of The Year, Non-Classical",1
2011,Record Of The Year,1
2011,Song Of The Year,1
2012,Album Of The Year,1
2012,Best Album Notes,1
2012,Best Alternative Music Album,1
2012,Best Americana Album,1
2012,Best Bluegrass Album,1
2012,Best Blues Album,1
2012,Best Boxed Or Special Limited Edition Package,1
2012,Best Chamber Music/Small Ensemble Performance,1
2012,Best Children's Album,1
2012,Best Choral Performance,1
2012,Best Classical Compendium,1
2012,Best Classical Instrumental Solo,1
2012,Best Classical Vocal Solo,1
2012,Best Comedy Album,1
2012,Best Compilation Soundtrack For Visual Media,1
2012,Best Contemporary Christian Music Album,1
2012,Best Contemporary Christian Music Song,2
2012,Best Contemporary Classical  Composition,1
2012,Best Country Album,1
2012,Best Country Duo/Group Performance,1
2012,Best Country Solo Performance,1
2012,Best Country Song,1
2012,Best Dance Recording,1
2012,Best Dance/Electronica Album,1
2012,"Best Engineered Album, Classical",1
2012,"Best Engineered Album, Non-Classical",1
2012,Best Folk Album,1
2012,Best Gospel Album,1
2012,Best Gospel Song,1
2012,Best Gospel/Contemporary Christian Music Performance,1
2012,Best Hard Rock/Metal Performance,1
2012,Best Historical Album,1
2012,Best Improvised Jazz Solo,1
2012,Best Instrumental Arrangement,1
2012,Best Instrumental Arrangement Accompanying Vocalist(s),1
2012,Best Instrumental Composition,1
2012,Best Jazz Instrumental Album,1
2012,Best Jazz Vocal Album,1
2012,Best Large Jazz Ensemble Album,1
2012,Best Latin Jazz Album,1
2012,Best Latin Pop Album,1
2012,"Best Latin Rock, Urban or Alternative Album",1
2012,Best Long Form Music Video,1
2012,Best Musical Theater Album,1
2012,Best New Age Album,1
2012,Best New Artist,1
2012,Best Opera Recording,1
2012,Best Orchestral Performance,1
2012,Best Pop Duo/Group Performance,1
2012,Best Pop Instrumental Album,1
2012,Best Pop Solo Performance,1
2012,Best Pop Vocal Album,1
2012,Best R&B Album,1
2012,Best R&B Performance,1
2012,Best R&B Song,1
2012,Best Rap Album,1
2012,Best Rap Performance,1
2012,Best Rap Song,1
2012,Best Rap/Sung Collaboration,1
2012,Best Recording Package,1
2012,Best Reggae Album,1
2012,Best Regional Mexican Music Album (Including Tejano),1
2012,Best Regional Roots Music Album,1
2012,"Best Remixed Recording, Non-Classical",1
2012,Best Rock Album,1
2012,Best Rock Performance,1
2012,Best Rock Song,1
2012,Best Score Soundtrack For Visual Media,1
2012,Best Short Form Music Video,1
2012,Best Song Written For Visual Media,1
2012,"Best Spoken Word Album (Includes Poetry, Audio Books & Storytelling)",1
2012,Best Surround Sound Album,1
2012,Best Traditional Pop Vocal Album,1
2012,Best Traditional R&B Performance,1
2012,Best Tropical Latin Album,1
2012,Best Urban Contemporary Album,1
2012,Best World Music Album,1
2012,"Producer Of The Year, Classical",1
2012,"Producer Of The Year, Non-Classical",1
2012,Record Of The Year,1
2012,Song Of The Year,1
2013,Album Of The Year,1
2013,Best Album Notes,1
2013,Best Alternative Music Album,1
2013,Best American Roots Song,1
2013,Best Americana Album,1
2013,Best Bluegrass Album,1
2013,Best Blues Album,1
2013,Best Boxed Or Special Limited Edition Package,1
2013,Best Chamber Music/Small Ensemble Performance,1
2013,Best Children's Album,1
2013,Best Choral Performance,1
2013,Best Classical Compendium,1
2013,Best Classical Instrumental Solo,1
2013,Best Classical Vocal Solo,1
2013,Best Comedy Album,1
2013,Best Compilation Soundtrack For Visual Media,1
2013,Best Contemporary Christian Music Album,1
2013,Best Contemporary Christian Music Song,1
2013,Best Contemporary Classical Composition,1
2013,Best Country Album,1
2013,Best Country Duo/Group Performance,1
2013,Best Country Solo Performance,1
2013,Best Country Song,1
2013,Best Dance Recording,1
2013,Best Dance/Electronica Album,1
2013,"Best Engineered Album, Classical",1
2013,"Best Engineered Album, Non-Classical",1
2013,Best Folk Album,1
2013,Best Gospel Album,1
2013,Best Gospel Song,1
2013,Best Gospel/Contemporary Christian Music Performance,1
2013,Best Historical Album,2
2013,Best Improvised Jazz Solo,1
2013,Best Instrumental Arrangement,1
2013,Best Instrumental Arrangement Accompanying Vocalist(s),1
2013,Best Instrumental Composition,1
2013,Best Jazz Instrumental Album,1
2013,Best Jazz Vocal Album,1
2013,Best Large Jazz Ensemble Album,1
2013,Best Latin Jazz Album,1
2013,Best Latin Pop Album,1
2013,"Best Latin Rock, Urban or Alternative Album",1
2013,Best Metal Performance,1
2013,Best Music Film,1
2013,Best Music Video,1
2013,Best Musical Theater Album,1
2013,Best New Age Album,1
2013,Best New Artist,1
2013,Best Opera Recording,1
2013,Best Orchestral Performance,1
2013,Best Pop Duo/Group Performance,1
2013,Best Pop Instrumental Album,1
2013,Best Pop Solo Performance,1
2013,Best Pop Vocal Album,1
2013,Best R&B Album,1
2013,Best R&B Performance,1
2013,Best R&B Song,1
2013,Best Rap Album,1
2013,Best Rap Performance,1
2013,Best Rap Song,1
2013,Best Rap/Sung Collaboration,1
2013,Best Recording Package,1
2013,Best Reggae Album,1
2013,Best Regional Mexican Music Album (Including Tejano),1
2013,Best Regional Roots Music Album,1
2013,"Best Remixed Recording, Non-Classical",1
2013,Best Rock Album,1
2013,Best Rock Performance,1
2013,Best Rock Song,1
2013,Best Score Soundtrack For Visual Media,1
2013,Best Song Written For Visual Media,1
2013,"Best Spoken Word Album (Includes Poetry, Audio Books & Storytelling)",1
2013,Best Surround Sound Album,1
2013,Best Traditional Pop Vocal Album,1
2013,Best Traditional R&B Performance,1
2013,Best Tropical Latin Album,1
2013,Best Urban Contemporary Album,1
2013,Best World Music Album,2
2013,"Producer Of The Year, Classical",1
2013,"Producer Of The Year, Non-Classical",1
2013,Record Of The Year,1
2013,Song Of The Year,1
2014,Album Of The Year,1
2014,Best Album Notes,1
2014,Best Alternative Music Album,1
2014,Best American Roots Performance,1
2014,Best American Roots Song,1
2014,Best Americana Album,1
2014,"Best Arrangement, Instrumental or A Cappella",1
2014,"Best Arrangement, Instruments and Vocals",1
2014,Best Bluegrass Album,1
2014,Best Blues Album,1
2014,Best Boxed Or Special Limited Edition Package,1
2014,Best Chamber Music/Small Ensemble Performance,1
2014,Best Children's Album,1
2014,Best Choral Performance,1
2014,Best Classical Compendium,1
2014,Best Classical Instrumental Solo,1
2014,Best Classical Solo Vocal Album,1
2014,Best Comedy Album,1
2014,Best Compilation Soundtrack For Visual Media,1
2014,Best Contemporary Christian Music Album,1
2014,Best Contemporary Christian Music Performance/Song,1
2014,Best Contemporary Classical Composition,1
2014,Best Contemporary Instrumental Album,1
2014,Best Country Album,1
2014,Best Country Duo/Group Performance,1
2014,Best Country Solo Performance,1
2014,Best Country Song,1
2014,Best Dance Recording,1
2014,Best Dance/Electronic Album,1
2014,"Best Engineered Album, Classical",1
2014,"Best Engineered Album, Non-Classical",1
2014,Best Folk Album,1
2014,Best Gospel Album,1
2014,Best Gospel Performance/Song,1
2014,Best Historical Album,1
2014,Best Improvised Jazz Solo,1
2014,Best Instrumental Composition,1
2014,Best Jazz Instrumental Album,1
2014,Best Jazz Vocal Album,1
2014,Best Large Jazz Ensemble Album,1
2014,Best Latin Jazz Album,1
2014,Best Latin Pop Album,1
2014,"Best Latin Rock, Urban or Alternative Album",1
2014,Best Metal Performance,1
2014,Best Music Film,1
2014,Best Music Video,1
2014,Best Musical Theater Album,1
2014,Best New Age Album,1
2014,Best New Artist,1
2014,Best Opera Recording,1
2014,Best Orchestral Performance,1
2014,Best Pop Duo/Group Performance,1
2014,Best Pop Solo Performance,1
2014,Best Pop Vocal Album,1
2014,Best R&B Album,1
2014,Best R&B Performance,1
2014,Best R&B Song,1
2014,Best Rap Album,1
2014,Best Rap Performance,1
2014,Best Rap Song,1
2014,Best Rap/Sung Collaboration,1
2014,Best Recording Package,1
2014,Best Reggae Album,1
2014,Best Regional Mexican Music Album (Including Tejano),1
2014,Best Regional Roots Music Album,1
2014,"Best Remixed Recording, Non-Classical",1
2014,Best Rock Album,1
2014,Best Rock Performance,1
2014,Best Rock Song,1
2014,Best Roots Gospel Album,1
2014,Best Score Soundtrack For Visual Media,1
2014,Best Song Written For Visual Media,1
2014,"Best Spoken Word Album (Includes Poetry, Audio Books & Storytelling)",1
2014,Best Surround Sound Album,1
2014,Best Traditional Pop Vocal Album,1
2014,Best Traditional R&B Performance,1
2014,Best Tropical Latin Album,1
2014,Best Urban Contemporary Album,1
2014,Best World Music Album,1
2014,"Producer Of The Year, Classical",1
2014,"Producer Of The Year, Non-Classical",1
2014,Record Of The Year,1
2014,Song Of The Year,1
2015,Album Of The Year,1
2015,Best Album Notes,1
2015,Best Alternative Music Album,1
2015,Best American Roots Performance,1
2015,Best American Roots Song,1
2015,Best Americana Album,1
2015,"Best Arrangement, Instrumental or A Cappella",1
2015,"Best Arrangement, Instruments and Vocals",1
2015,Best Bluegrass Album,1
2015,Best Blues Album,1
2015,Best Boxed Or Special Limited Edition Package,1
2015,Best Chamber Music/Small Ensemble Performance,1
2015,Best Children's Album,1
2015,Best Choral Performance,1
2015,Best Classical Compendium,1
2015,Best Classical Instrumental Solo,1
2015,Best Classical Solo Vocal Album,1
2015,Best Comedy Album,1
2015,Best Compilation Soundtrack For Visual Media,1
2015,Best Contemporary Christian Music Album,1
2015,Best Contemporary Christian Music Performance/Song,1
2015,Best Contemporary Classical Composition,1
2015,Best Contemporary Instrumental Album,1
2015,Best Country Album,1
2015,Best Country Duo/Group Performance,1
2015,Best Country Solo Performance,1
2015,Best Country Song,1
2015,Best Dance Recording,1
2015,Best Dance/Electronic Album,1
2015,"Best Engineered Album, Classical",1
2015,"Best Engineered Album, Non-Classical",1
2015,Best Folk Album,1
2015,Best Gospel Album,1
2015,Best Gospel Performance/Song,1
2015,Best Historical Album,1
2015,Best Improvised Jazz Solo,1
2015,Best Instrumental Composition,1
2015,Best Jazz Instrumental Album,1
2015,Best Jazz Vocal Album,1
2015,Best Large Jazz Ensemble Album,1
2015,Best Latin Jazz Album,1
2015,Best Latin Pop Album,1
2015,"Best Latin Rock, Urban or Alternative Album",2
2015,Best Metal Performance,1
2015,Best Music Film,1
2015,Best Music Video,1
2015,Best Musical Theater Album,1
2015,Best New Age Album,1
2015,Best New Artist,1
2015,Best Opera Recording,1
2015,Best Orchestral Performance,1
2015,Best Pop Duo/Group Performance,1
2015,Best Pop Solo Performance,1
2015,Best Pop Vocal Album,1
2015,Best R&B Album,1
2015,Best R&B Performance,1
2015,Best R&B Song,1
2015,Best Rap Album,1
2015,Best Rap Performance,1
2015,Best Rap Song,1
2015,Best Rap/Sung Collaboration,1
2015,Best Recording Package,1
2015,Best Reggae Album,1
2015,Best Regional Mexican Music Album (Including Tejano),1
2015,Best Regional Roots Music Album,1
2015,Best Remixed Recording,1
2015,Best Rock Album,1
2015,Best Rock Performance,1
2015,Best Rock Song,1
2015,Best Roots Gospel Album,1
2015,Best Score Soundtrack For Visual Media,1
2015,Best Song Written For Visual Media,1
2015,"Best Spoken Word Album (Includes Poetry, Audio Books & Storytelling)",1
2015,Best Surround Sound Album,1
2015,Best Traditional Pop Vocal Album,1
2015,Best Traditional R&B Performance,1
2015,Best Tropical Latin Album,1
2015,Best Urban Contemporary Album,1
2015,Best World Music Album,1
2015,"Producer Of The Year, Classical",1
2015,"Producer Of The Year, Non-Classical",1
2015,Record Of The Year,1
2015,Song Of The Year,1
2016,Album Of The Year,1
2016,Best Album Notes,1
2016,Best Alternative Music Album,1
2016,Best American Roots Performance,1
2016,Best American Roots Song,1
2016,Best Americana Album,1
2016,"Best Arrangement, Instrumental or A Cappella",1
2016,"Best Arrangement, Instruments and Vocals",1
2016,Best Bluegrass Album,1
2016,Best Boxed Or Special Limited Edition Package,1
2016,Best Chamber Music/Small Ensemble Performance,1
2016,Best Children's Album,1
2016,Best Choral Performance,1
2016,Best Classical Compendium,1
2016,Best Classical Instrumental Solo,1
2016,Best Classical Solo Vocal Album,2
2016,Best Comedy Album,1
2016,Best Compilation Soundtrack For Visual Media,1
2016,Best Contemporary Blues Album,1
2016,Best Contemporary Christian Music Album,1
2016,Best Contemporary Christian Music Performance/Song,1
2016,Best Contemporary Classical Composition,1
2016,Best Contemporary Instrumental Album,1
2016,Best Country Album,1
2016,Best Country Duo/Group Performance,1
2016,Best Country Solo Performance,1
2016,Best Country Song,1
2016,Best Dance Recording,1
2016,Best Dance/Electronic Album,1
2016,"Best Engineered Album, Classical",1
2016,"Best Engineered Album, Non-Classical",1
2016,Best Folk Album,1
2016,Best Gospel Album,1
2016,Best Gospel Performance/Song,1
2016,Best Historical Album,1
2016,Best Improvised Jazz Solo,1
2016,Best Instrumental Composition,1
2016,Best Jazz Instrumental Album,1
2016,Best Jazz Vocal Album,1
2016,Best Large Jazz Ensemble Album,1
2016,Best Latin Jazz Album,1
2016,Best Latin Pop Album,1
2016,"Best Latin Rock, Urban or Alternative Album",1
2016,Best Metal Performance,1
2016,Best Music Film,1
2016,Best Music Video,1
2016,Best Musical Theater Album,1
2016,Best New Age Album,1
2016,Best New Artist,1
2016,Best Opera Recording,1
2016,Best Orchestral Performance,1
2016,Best Pop Duo/Group Performance,1
2016,Best Pop Solo Performance,1
2016,Best Pop Vocal Album,1
2016,Best R&B Album,1
2016,Best R&B Performance,1
2016,Best R&B Song,1
2016,Best Rap Album,1
2016,Best Rap Performance,1
2016,Best Rap Song,1
2016,Best Rap/Sung Performance,1
2016,Best Recording Package,1
2016,Best Reggae Album,1
2016,Best Regional Mexican Music Album (Including Tejano),1
2016,Best Regional Roots Music Album,1
2016,Best Remixed Recording,1
2016,Best Rock Album,1
2016,Best Rock Performance,1
2016,Best Rock Song,1
2016,Best Roots Gospel Album,1
2016,Best Score Soundtrack For Visual Media,1
2016,Best Song Written For Visual Media,1
2016,"Best Spoken Word Album (Includes Poetry, Audio Books & Storytelling)",1
2016,Best Surround Sound Album,1
2016,Best Traditional Blues Album,1
2016,Best Traditional Pop Vocal Album,1
2016,Best Traditional R&B Performance,1
2016,Best Tropical Latin Album,1
2016,Best Urban Contemporary Album,1
2016,Best World Music Album,1
2016,"Producer Of The Year, Classical",1
2016,"Producer Of The Year, Non-Classical",1
2016,Record Of The Year,1
2016,Song Of The Year,1
2017,Album Of The Year,1
2017,Best Album Notes,1
2017,Best Alternative Music Album,1
2017,Best American Roots Performance,1
2017,Best American Roots Song,1
2017,Best Americana Album,1
2017,"Best Arrangement, Instrumental or A Cappella",1
2017,"Best Arrangement, Instruments and Vocals",1
2017,Best Bluegrass Album,2
2017,Best Boxed Or Special Limited Edition Package,1
2017,Best Chamber Music/Small Ensemble Performance,1
2017,Best Children's Album,1
2017,Best Choral Performance,1
2017,Best Classical Compendium,1
2017,Best Classical Instrumental Solo,1
2017,Best Classical Solo Vocal Album,1
2017,Best Comedy Album,1
2017,Best Compilation Soundtrack For Visual Media,1
2017,Best Contemporary Blues Album,1
2017,Best Contemporary Christian Music Album,1
2017,Best Contemporary Christian Music Performance/Song,1
2017,Best Contemporary Classical Composition,1
2017,Best Contemporary Instrumental Album,1
2017,Best Country Album,1
2017,Best Country Duo/Group Performance,1
2017,Best Country Solo Performance,1
2017,Best Country Song,1
2017,Best Dance Recording,1
2017,Best Dance/Electronic Album,1
2017,"Best Engineered Album, Classical",1
2017,"Best Engineered Album, Non-Classical",1
2017,Best Folk Album,1
2017,Best Gospel Album,1
2017,Best Gospel Performance/Song,1
2017,Best Historical Album,1
2017,Best Improvised Jazz Solo,1
2017,Best Instrumental Composition,1
2017,Best Jazz Instrumental Album,1
2017,Best Jazz Vocal Album,1
2017,Best Large Jazz Ensemble Album,1
2017,Best Latin Jazz Album,1
2017,Best Latin Pop Album,1
2017,"Best Latin Rock, Urban or Alternative Album",1
2017,Best Metal Performance,1
2017,Best Music Film,1
2017,Best Music Video,1
2017,Best Musical Theater Album,1
2017,Best New Age Album,1
2017,Best New Artist,1
2017,Best Opera Recording,1
2017,Best Orchestral Performance,1
2017,Best Pop Duo/Group Performance,1
2017,Best Pop Solo Performance,1
2017,Best Pop Vocal Album,1
2017,Best R&B Album,1
2017,Best R&B Performance,1
2017,Best R&B Song,1
2017,Best Rap Album,1
2017,Best Rap Performance,1
2017,Best Rap Song,1
2017,Best Rap/Sung Performance,1
2017,Best Recording Package,2
2017,Best Reggae Album,1
2017,Best Regional Mexican Music Album (Including Tejano),1
2017,Best Regional Roots Music Album,1
2017,Best Remixed Recording,1
2017,Best Rock Album,1
2017,Best Rock Performance,1
2017,Best Rock Song,1
2017,Best Roots Gospel Album,1
2017,Best Score Soundtrack For Visual Media,1
2017,Best Song Written For Visual Media,1
2017,"Best Spoken Word Album (Includes Poetry, Audio Books & Storytelling)",1
2017,Best Surround Sound Album,1
2017,Best Traditional Blues Album,1
2017,Best Traditional Pop Vocal Album,1
2017,Best Traditional R&B Performance,1
2017,Best Tropical Latin Album,1
2017,Best Urban Contemporary Album,1
2017,Best World Music Album,1
2017,"Producer Of The Year, Classical",1
2017,"Producer Of The Year, Non-Classical",1
2017,Record Of The Year,1
2017,Song Of The Year,1
2018,Album Of The Year,1
2018,Best Album Notes,1
2018,Best Alternative Music Album,1
2018,Best American Roots Performance,1
2018,Best American Roots Song,1
2018,Best Americana Album,1
2018,"Best Arrangement, Instrumental or A Cappella",1
2018,"Best Arrangement, Instruments and Vocals",1
2018,Best Bluegrass Album,1
2018,Best Boxed Or Special Limited Edition Package,1
2018,Best Chamber Music/Small Ensemble Performance,1
2018,Best Children's Album,1
2018,Best Choral Performance,1
2018,Best Classical Compendium,1
2018,Best Classical Instrumental Solo,1
2018,Best Classical Solo Vocal Album,1
2018,Best Comedy Album,1
2018,Best Compilation Soundtrack For Visual Media,1
2018,Best Contemporary Blues Album,1
2018,Best Contemporary Christian Music Album,1
2018,Best Contemporary Christian Music Performance/Song,1
2018,Best Contemporary Classical Composition,1
2018,Best Contemporary Instrumental Album,1
2018,Best Country Album,1
2018,Best Country Duo/Group Performance,1
2018,Best Country Solo Performance,1
2018,Best Country Song,1
2018,Best Dance Recording,1
2018,Best Dance/Electronic Album,1
2018,"Best Engineered Album, Classical",1
2018,"Best Engineered Album, Non-Classical",1
2018,Best Folk Album,1
2018,Best Gospel Album,1
2018,Best Gospel Performance/Song,1
2018,Best Historical Album,1
2018,Best Immersive Audio Album,1
2018,Best Improvised Jazz Solo,1
2018,Best Instrumental Composition,1
2018,Best Jazz Instrumental Album,1
2018,Best Jazz Vocal Album,1
2018,Best Large Jazz Ensemble Album,1
2018,Best Latin Jazz Album,1
2018,Best Latin Pop Album,1
2018,"Best Latin Rock, Urban or Alternative Album",1
2018,Best Metal Performance,1
2018,Best Music Film,1
2018,Best Music Video,1
2018,Best Musical Theater Album,1
2018,Best New Age Album,1
2018,Best New Artist,1
2018,Best Opera Recording,1
2018,Best Orchestral Performance,1
2018,Best Pop Duo/Group Performance,1
2018,Best Pop Solo Performance,1
2018,Best Pop Vocal Album,1
2018,Best R&B Album,1
2018,Best R&B Performance,1
2018,Best R&B Song,1
2018,Best Rap Album,1
2018,Best Rap Performance,2
2018,Best Rap Song,1
2018,Best Rap/Sung Performance,1
2018,Best Recording Package,1
2018,Best Reggae Album,1
2018,Best Regional Mexican Music Album (Including Tejano),1
2018,Best Regional Roots Music Album,1
2018,Best Remixed Recording,1
2018,Best Rock Album,1
2018,Best Rock Performance,1
2018,Best Rock Song,1
2018,Best Roots Gospel Album,1
2018,Best Score Soundtrack For Visual Media,1
2018,Best Song Written For Visual Media,1
2018,"Best Spoken Word Album (Includes Poetry, Audio Books & Storytelling)",1
2018,Best Traditional Blues Album,1
2018,Best Traditional Pop Vocal Album,1
2018,Best Traditional R&B Performance,2
2018,Best Tropical Latin Album,1
2018,Best Urban Contemporary Album,1
2018,Best World Music Album,1
2018,"Producer Of The Year, Classical",1
2018,"Producer Of The Year, Non-Classical",1
2018,Record Of The Year,1
2018,Song Of The Year,1
2019,Album Of The Year,8
2019,Best Album Notes,5
2019,Best Alternative Music Album,5
2019,Best American Roots Performance,5
2019,Best American Roots Song,5
2019,Best Americana Album,5
2019,"Best Arrangement, Instrumental or A Cappella",5
2019,"Best Arrangement, Instruments and Vocals",5
2019,Best Bluegrass Album,5
2019,Best Boxed Or Special Limited Edition Package,5
2019,Best Chamber Music/Small Ensemble Performance,5
2019,Best Children's Music Album,5
2019,Best Choral Performance,5
2019,Best Classical Compendium,5
2019,Best Classical Instrumental Solo,5
2019,Best Classical Solo Vocal Album,5
2019,Best Comedy Album,5
2019,Best Compilation Soundtrack For Visual Media,5
2019,Best Contemporary Blues Album,5
2019,Best Contemporary Christian Music Album,5
2019,Best Contemporary Christian Music Performance/Song,5
2019,Best Contemporary Classical Composition,6
2019,Best Contemporary Instrumental Album,5
2019,Best Country Album,5
2019,Best Country Duo/Group Performance,5
2019,Best Country Solo Performance,5
2019,Best Country Song,5
2019,Best Dance Recording,5
2019,Best Dance/Electronic Album,5
2019,"Best Engineered Album, Classical",5
2019,"Best Engineered Album, Non-Classical",5
2019,Best Folk Album,5
2019,Best Gospel Album,5
2019,Best Gospel Performance/Song,5
2019,Best Historical Album,5
2019,Best Immersive Audio Album,5
2019,Best Improvised Jazz Solo,5
2019,Best Instrumental Composition,5
2019,Best Jazz Instrumental Album,5
2019,Best Jazz Vocal Album,5
2019,Best Large Jazz Ensemble Album,5
2019,Best Latin Jazz Album,5
2019,Best Latin Pop Album,5
2019,"Best Latin Rock, Urban or Alternative Album",5
2019,Best Metal Performance,5
2019,Best Music Film,5
2019,Best Music Video,5
2019,Best Musical Theater Album,5
2019,Best New Age Album,5
2019,Best New Artist,8
2019,Best Opera Recording,5
2019,Best Orchestral Performance,5
2019,Best Pop Duo/Group Performance,5
2019,Best Pop Solo Performance,5
2019,Best Pop Vocal Album,5
2019,Best R&B Album,5
2019,Best R&B Performance,5
2019,Best R&B Song,5
2019,Best Rap Album,5
2019,Best Rap Performance,5
2019,Best Rap Song,5
2019,Best Rap/Sung Performance,5
2019,Best Recording Package,5
2019,Best Reggae Album,5
2019,Best Regional Mexican Music Album (Including Tejano),5
2019,Best Regional Roots Music Album,5
2019,Best Remixed Recording,5
2019,Best Rock Album,5
2019,Best Rock Performance,5
2019,Best Rock Song,5
2019,Best Roots Gospel Album,5
2019,Best Score Soundtrack For Visual Media,5
2019,Best Song Written For Visual Media,5
2019,"Best Spoken Word Album (Includes Poetry, Audio Books & Storytelling)",5
2019,Best Traditional Blues Album,5
2019,Best Traditional Pop Vocal Album,5
2019,Best Traditional R&B Performance,5
2019,Best Tropical Latin Album,5
2019,Best Urban Contemporary Album,5
2019,Best World Music Album,5
2019,"Producer Of The Year, Classical",5
2019,"Producer Of The Year, Non-Classical",5
2019,Record Of The Year,8
2019,Song Of The Year,8
